,total_trades,win_rate,avg_pnl,total_pnl,std_pnl,max_win,max_loss,avg_winner,avg_loser,sharpe_ratio,max_drawdown,mar_ratio,avg_rom,median_rom,expire_rate,stop_rate,best_day,worst_day
10:00,1000.0,0.715,13.944600000000015,13944.600000000015,327.37273637149343,297.44,-507.94,219.07076923076923,-500.6701754385965,0.04259548352913565,-3946.399999999996,1.555762476534174,0.15458747248810095,2.285840220385675,0.72,0.28,1.0,3.0
10:01,2008.0,0.7231075697211156,19.828326693227105,39815.28000000003,325.00426066700703,292.44,-507.94,219.6300826446281,-501.9561151079137,0.0610094361610318,-6613.360000000008,2.6507327500221307,0.21988644721599482,2.288361831218974,0.7270916334661355,0.2729083665338645,4.0,3.0
10:02,1000.0,0.715,13.944600000000015,13944.600000000015,327.37273637149343,297.44,-507.94,219.07076923076923,-500.6701754385965,0.04259548352913565,-3946.399999999996,1.555762476534174,0.15458747248810095,2.285840220385675,0.72,0.28,1.0,3.0
10:03,1000.0,0.715,13.944600000000015,13944.600000000015,327.37273637149343,297.44,-507.94,219.07076923076923,-500.6701754385965,0.04259548352913565,-3946.399999999996,1.555762476534174,0.15458747248810095,2.285840220385675,0.72,0.28,1.0,3.0
10:04,1000.0,0.715,13.944600000000015,13944.600000000015,327.37273637149343,297.44,-507.94,219.07076923076923,-500.6701754385965,0.04259548352913565,-3946.399999999996,1.555762476534174,0.15458747248810095,2.285840220385675,0.72,0.28,1.0,3.0
10:05,1004.0,0.7231075697211156,19.828326693227105,19907.640000000014,325.0852586148483,292.44,-507.94,219.6300826446281,-501.9561151079137,0.06099423510531782,-3562.079999999998,2.4606760572034307,0.21988644721599482,2.288361831218974,0.7270916334661355,0.2729083665338645,4.0,3.0
10:06,1000.0,0.715,13.944600000000015,13944.600000000015,327.37273637149343,297.44,-507.94,219.07076923076923,-500.6701754385965,0.04259548352913565,-3946.399999999996,1.555762476534174,0.15458747248810095,2.285840220385675,0.72,0.28,1.0,3.0
10:07,1004.0,0.7231075697211156,19.828326693227105,19907.640000000014,325.0852586148483,292.44,-507.94,219.6300826446281,-501.9561151079137,0.06099423510531782,-3562.079999999998,2.4606760572034307,0.21988644721599482,2.288361831218974,0.7270916334661355,0.2729083665338645,4.0,3.0
10:08,1000.0,0.715,13.944600000000015,13944.600000000015,327.37273637149343,297.44,-507.94,219.07076923076923,-500.6701754385965,0.04259548352913565,-3946.399999999996,1.555762476534174,0.15458747248810095,2.285840220385675,0.72,0.28,1.0,3.0
10:09,1004.0,0.7231075697211156,19.828326693227105,19907.640000000014,325.0852586148483,292.44,-507.94,219.6300826446281,-501.9561151079137,0.06099423510531782,-3562.079999999998,2.4606760572034307,0.21988644721599482,2.288361831218974,0.7270916334661355,0.2729083665338645,4.0,3.0
10:10,1000.0,0.715,13.944600000000015,13944.600000000015,327.37273637149343,297.44,-507.94,219.07076923076923,-500.6701754385965,0.04259548352913565,-3946.399999999996,1.555762476534174,0.15458747248810095,2.285840220385675,0.72,0.28,1.0,3.0
10:11,1004.0,0.7231075697211156,19.828326693227105,19907.640000000014,325.0852586148483,292.44,-507.94,219.6300826446281,-501.9561151079137,0.06099423510531782,-3562.079999999998,2.4606760572034307,0.21988644721599482,2.288361831218974,0.7270916334661355,0.2729083665338645,4.0,3.0
10:12,1000.0,0.715,13.944600000000015,13944.600000000015,327.37273637149343,297.44,-507.94,219.07076923076923,-500.6701754385965,0.04259548352913565,-3946.399999999996,1.555762476534174,0.15458747248810095,2.285840220385675,0.72,0.28,1.0,3.0
10:13,1004.0,0.7231075697211156,19.828326693227105,19907.640000000014,325.0852586148483,292.44,-507.94,219.6300826446281,-501.9561151079137,0.06099423510531782,-3562.079999999998,2.4606760572034307,0.21988644721599482,2.288361831218974,0.7270916334661355,0.2729083665338645,4.0,3.0
10:14,1000.0,0.715,13.944600000000015,13944.600000000015,327.37273637149343,297.44,-507.94,219.07076923076923,-500.6701754385965,0.04259548352913565,-3946.399999999996,1.555762476534174,0.15458747248810095,2.285840220385675,0.72,0.28,1.0,3.0
10:15,1004.0,0.7231075697211156,19.828326693227105,19907.640000000014,325.0852586148483,292.44,-507.94,219.6300826446281,-501.9561151079137,0.06099423510531782,-3562.079999999998,2.4606760572034307,0.21988644721599482,2.288361831218974,0.7270916334661355,0.2729083665338645,4.0,3.0
10:16,1004.0,0.7231075697211156,19.828326693227105,19907.640000000014,325.0852586148483,292.44,-507.94,219.6300826446281,-501.9561151079137,0.06099423510531782,-3562.079999999998,2.4606760572034307,0.21988644721599482,2.288361831218974,0.7270916334661355,0.2729083665338645,4.0,3.0
10:17,1000.0,0.715,13.944600000000015,13944.600000000015,327.37273637149343,297.44,-507.94,219.07076923076923,-500.6701754385965,0.04259548352913565,-3946.399999999996,1.555762476534174,0.15458747248810095,2.285840220385675,0.72,0.28,1.0,3.0
10:18,2024.0,0.700592885375494,3.690000000000014,7468.560000000029,333.32665434567525,297.44,-507.94,220.4188434414669,-503.44118811881185,0.011070221813624638,-9850.079999999914,0.3338377544812914,0.04067486567535223,2.2406198118428335,0.7035573122529645,0.2964426877470356,4.0,2.0
10:19,1010.0,0.7019801980198019,3.474039603960409,3508.7800000000134,332.9512142129914,282.44,-507.94,219.39345557122712,-505.12019933554825,0.010434079996290507,-8289.900000000032,0.18635677280262167,0.03845438749330586,2.236906077348066,0.7039603960396039,0.296039603960396,0.0,2.0
10:20,1012.0,0.7015810276679841,3.415296442687759,3456.280000000012,333.18108249323825,292.44,-507.94,219.7752112676056,-505.2454304635762,0.010250571302339985,-7542.540000000007,0.20175747318827286,0.03761187530375488,2.2381426202321726,0.7035573122529645,0.2964426877470356,1.0,2.0
10:21,1012.0,0.7015810276679841,3.415296442687759,3456.280000000012,333.18108249323825,292.44,-507.94,219.7752112676056,-505.2454304635762,0.010250571302339985,-7542.540000000007,0.20175747318827286,0.03761187530375488,2.2381426202321726,0.7035573122529645,0.2964426877470356,1.0,2.0
10:22,1012.0,0.7015810276679841,3.415296442687759,3456.280000000012,333.18108249323825,292.44,-507.94,219.7752112676056,-505.2454304635762,0.010250571302339985,-7542.540000000007,0.20175747318827286,0.03761187530375488,2.2381426202321726,0.7035573122529645,0.2964426877470356,1.0,2.0
10:23,1012.0,0.700592885375494,3.6900000000000124,3734.2800000000125,333.40906914588277,297.44,-507.94,220.4188434414669,-503.44118811881197,0.0110674853850045,-5218.700000000042,0.3150524640869395,0.04067486567535226,2.2406198118428335,0.7035573122529645,0.2964426877470356,4.0,2.0
10:24,1012.0,0.7015810276679841,3.415296442687759,3456.280000000012,333.18108249323825,292.44,-507.94,219.7752112676056,-505.2454304635762,0.010250571302339985,-7542.540000000007,0.20175747318827286,0.03761187530375488,2.2381426202321726,0.7035573122529645,0.2964426877470356,1.0,2.0
10:25,1012.0,0.700592885375494,3.6900000000000124,3734.2800000000125,333.40906914588277,297.44,-507.94,220.4188434414669,-503.44118811881197,0.0110674853850045,-5218.700000000042,0.3150524640869395,0.04067486567535226,2.2406198118428335,0.7035573122529645,0.2964426877470356,4.0,2.0
10:26,1012.0,0.7015810276679841,3.415296442687759,3456.280000000012,333.18108249323825,292.44,-507.94,219.7752112676056,-505.2454304635762,0.010250571302339985,-7542.540000000007,0.20175747318827286,0.03761187530375488,2.2381426202321726,0.7035573122529645,0.2964426877470356,1.0,2.0
10:27,1012.0,0.700592885375494,3.6900000000000124,3734.2800000000125,333.40906914588277,297.44,-507.94,220.4188434414669,-503.44118811881197,0.0110674853850045,-5218.700000000042,0.3150524640869395,0.04067486567535226,2.2406198118428335,0.7035573122529645,0.2964426877470356,4.0,2.0
10:28,1012.0,0.7015810276679841,3.415296442687759,3456.280000000012,333.18108249323825,292.44,-507.94,219.7752112676056,-505.2454304635762,0.010250571302339985,-7542.540000000007,0.20175747318827286,0.03761187530375488,2.2381426202321726,0.7035573122529645,0.2964426877470356,1.0,2.0
10:29,1012.0,0.700592885375494,3.6900000000000124,3734.2800000000125,333.40906914588277,297.44,-507.94,220.4188434414669,-503.44118811881197,0.0110674853850045,-5218.700000000042,0.3150524640869395,0.04067486567535226,2.2406198118428335,0.7035573122529645,0.2964426877470356,4.0,2.0
10:30,1012.0,0.7015810276679841,3.415296442687759,3456.280000000012,333.18108249323825,292.44,-507.94,219.7752112676056,-505.2454304635762,0.010250571302339985,-7542.540000000007,0.20175747318827286,0.03761187530375488,2.2381426202321726,0.7035573122529645,0.2964426877470356,1.0,2.0
10:31,1012.0,0.700592885375494,3.6900000000000124,3734.2800000000125,333.40906914588277,297.44,-507.94,220.4188434414669,-503.44118811881197,0.0110674853850045,-5218.700000000042,0.3150524640869395,0.04067486567535226,2.2406198118428335,0.7035573122529645,0.2964426877470356,4.0,2.0
10:32,1012.0,0.7015810276679841,3.415296442687759,3456.280000000012,333.18108249323825,292.44,-507.94,219.7752112676056,-505.2454304635762,0.010250571302339985,-7542.540000000007,0.20175747318827286,0.03761187530375488,2.2381426202321726,0.7035573122529645,0.2964426877470356,1.0,2.0
10:33,63632.0,0.700983781745034,2.2020467689213477,140120.6400000032,332.59381428328203,297.44,-507.94,218.38249523596008,-504.5898228832711,0.006620828994269226,-365517.51999998424,0.16878437806726931,0.024191367071068847,2.235670900055218,0.7039539854161428,0.29604601458385715,4.0,3.0
10:34,1012.0,0.7015810276679841,3.415296442687759,3456.280000000012,333.18108249323825,292.44,-507.94,219.7752112676056,-505.2454304635762,0.010250571302339985,-7542.540000000007,0.20175747318827286,0.03761187530375488,2.2381426202321726,0.7035573122529645,0.2964426877470356,1.0,2.0
10:35,1012.0,0.700592885375494,3.6900000000000124,3734.2800000000125,333.40906914588277,297.44,-507.94,220.4188434414669,-503.44118811881197,0.0110674853850045,-5218.700000000042,0.3150524640869395,0.04067486567535226,2.2406198118428335,0.7035573122529645,0.2964426877470356,4.0,2.0
10:36,67804.0,0.7054746032682437,7.073953159105686,479642.3200000019,330.5176094626177,297.44,-507.94,218.98413178910397,-500.5130015022534,0.0214026513461933,-222184.45999999624,0.9504781741047582,0.07828737244419327,2.2418604651162792,0.7103710695534187,0.28962893044658133,4.0,3.0
10:37,1012.0,0.700592885375494,3.6900000000000124,3734.2800000000125,333.40906914588277,297.44,-507.94,220.4188434414669,-503.44118811881197,0.0110674853850045,-5218.700000000042,0.3150524640869395,0.04067486567535226,2.2406198118428335,0.7035573122529645,0.2964426877470356,4.0,2.0
10:38,1012.0,0.7015810276679841,3.415296442687759,3456.280000000012,333.18108249323825,292.44,-507.94,219.7752112676056,-505.2454304635762,0.010250571302339985,-7542.540000000007,0.20175747318827286,0.03761187530375488,2.2381426202321726,0.7035573122529645,0.2964426877470356,1.0,2.0
10:39,1012.0,0.700592885375494,3.6900000000000124,3734.2800000000125,333.40906914588277,297.44,-507.94,220.4188434414669,-503.44118811881197,0.0110674853850045,-5218.700000000042,0.3150524640869395,0.04067486567535226,2.2406198118428335,0.7035573122529645,0.2964426877470356,4.0,2.0
10:40,1012.0,0.7015810276679841,3.415296442687759,3456.280000000012,333.18108249323825,292.44,-507.94,219.7752112676056,-505.2454304635762,0.010250571302339985,-7542.540000000007,0.20175747318827286,0.03761187530375488,2.2381426202321726,0.7035573122529645,0.2964426877470356,1.0,2.0
10:41,1012.0,0.700592885375494,3.6900000000000124,3734.2800000000125,333.40906914588277,297.44,-507.94,220.4188434414669,-503.44118811881197,0.0110674853850045,-5218.700000000042,0.3150524640869395,0.04067486567535226,2.2406198118428335,0.7035573122529645,0.2964426877470356,4.0,2.0
10:42,1012.0,0.7015810276679841,3.415296442687759,3456.280000000012,333.18108249323825,292.44,-507.94,219.7752112676056,-505.2454304635762,0.010250571302339985,-7542.540000000007,0.20175747318827286,0.03761187530375488,2.2381426202321726,0.7035573122529645,0.2964426877470356,1.0,2.0
10:43,1012.0,0.700592885375494,3.6900000000000124,3734.2800000000125,333.40906914588277,297.44,-507.94,220.4188434414669,-503.44118811881197,0.0110674853850045,-5218.700000000042,0.3150524640869395,0.04067486567535226,2.2406198118428335,0.7035573122529645,0.2964426877470356,4.0,2.0
10:44,1012.0,0.7015810276679841,3.415296442687759,3456.280000000012,333.18108249323825,292.44,-507.94,219.7752112676056,-505.2454304635762,0.010250571302339985,-7542.540000000007,0.20175747318827286,0.03761187530375488,2.2381426202321726,0.7035573122529645,0.2964426877470356,1.0,2.0
10:45,1012.0,0.700592885375494,3.6900000000000124,3734.2800000000125,333.40906914588277,297.44,-507.94,220.4188434414669,-503.44118811881197,0.0110674853850045,-5218.700000000042,0.3150524640869395,0.04067486567535226,2.2406198118428335,0.7035573122529645,0.2964426877470356,4.0,2.0
10:46,1012.0,0.7015810276679841,3.415296442687759,3456.280000000012,333.18108249323825,292.44,-507.94,219.7752112676056,-505.2454304635762,0.010250571302339985,-7542.540000000007,0.20175747318827286,0.03761187530375488,2.2381426202321726,0.7035573122529645,0.2964426877470356,1.0,2.0
10:47,1012.0,0.700592885375494,3.6900000000000124,3734.2800000000125,333.40906914588277,297.44,-507.94,220.4188434414669,-503.44118811881197,0.0110674853850045,-5218.700000000042,0.3150524640869395,0.04067486567535226,2.2406198118428335,0.7035573122529645,0.2964426877470356,4.0,2.0
10:48,1012.0,0.7015810276679841,3.415296442687759,3456.280000000012,333.18108249323825,292.44,-507.94,219.7752112676056,-505.2454304635762,0.010250571302339985,-7542.540000000007,0.20175747318827286,0.03761187530375488,2.2381426202321726,0.7035573122529645,0.2964426877470356,1.0,2.0
10:49,1012.0,0.700592885375494,3.6900000000000124,3734.2800000000125,333.40906914588277,297.44,-507.94,220.4188434414669,-503.44118811881197,0.0110674853850045,-5218.700000000042,0.3150524640869395,0.04067486567535226,2.2406198118428335,0.7035573122529645,0.2964426877470356,4.0,2.0
10:50,1012.0,0.7015810276679841,3.415296442687759,3456.280000000012,333.18108249323825,292.44,-507.94,219.7752112676056,-505.2454304635762,0.010250571302339985,-7542.540000000007,0.20175747318827286,0.03761187530375488,2.2381426202321726,0.7035573122529645,0.2964426877470356,1.0,2.0
10:51,1012.0,0.700592885375494,3.6900000000000124,3734.2800000000125,333.40906914588277,297.44,-507.94,220.4188434414669,-503.44118811881197,0.0110674853850045,-5218.700000000042,0.3150524640869395,0.04067486567535226,2.2406198118428335,0.7035573122529645,0.2964426877470356,4.0,2.0
10:52,1012.0,0.7015810276679841,3.415296442687759,3456.280000000012,333.18108249323825,292.44,-507.94,219.7752112676056,-505.2454304635762,0.010250571302339985,-7542.540000000007,0.20175747318827286,0.03761187530375488,2.2381426202321726,0.7035573122529645,0.2964426877470356,1.0,2.0
10:53,1004.0,0.6942231075697212,-1.2460159362549657,-1250.9999999999854,334.4972086589988,297.44,-507.94,218.91632711621233,-501.0934201954397,-0.0037250413575953315,-7891.90000000001,-0.06979335410873232,-0.013909814923870075,2.1931687334197054,0.6992031872509961,0.300796812749004,4.0,3.0
10:54,1006.0,0.6848906560636183,-8.90387673956261,-8957.299999999987,337.2778876372353,292.44,-507.94,218.30502177068215,-502.74277602523665,-0.02639923062237427,-13946.23999999997,-0.2827862697739504,-0.09853508180573184,2.229515418502203,0.6888667992047713,0.3111332007952286,4.0,3.0
10:55,1004.0,0.6942231075697212,-1.2460159362549657,-1250.9999999999854,334.4972086589988,297.44,-507.94,218.91632711621233,-501.0934201954397,-0.0037250413575953315,-7891.90000000001,-0.06979335410873232,-0.013909814923870075,2.1931687334197054,0.6992031872509961,0.300796812749004,4.0,3.0
10:56,1006.0,0.6848906560636183,-8.90387673956261,-8957.299999999987,337.2778876372353,292.44,-507.94,218.30502177068215,-502.74277602523665,-0.02639923062237427,-13946.23999999997,-0.2827862697739504,-0.09853508180573184,2.229515418502203,0.6888667992047713,0.3111332007952286,4.0,3.0
10:57,1004.0,0.6942231075697212,-1.2460159362549657,-1250.9999999999854,334.4972086589988,297.44,-507.94,218.91632711621233,-501.0934201954397,-0.0037250413575953315,-7891.90000000001,-0.06979335410873232,-0.013909814923870075,2.1931687334197054,0.6992031872509961,0.300796812749004,4.0,3.0
10:58,1006.0,0.6848906560636183,-8.90387673956261,-8957.299999999987,337.2778876372353,292.44,-507.94,218.30502177068215,-502.74277602523665,-0.02639923062237427,-13946.23999999997,-0.2827862697739504,-0.09853508180573184,2.229515418502203,0.6888667992047713,0.3111332007952286,4.0,3.0
10:59,1004.0,0.6942231075697212,-1.2460159362549657,-1250.9999999999854,334.4972086589988,297.44,-507.94,218.91632711621233,-501.0934201954397,-0.0037250413575953315,-7891.90000000001,-0.06979335410873232,-0.013909814923870075,2.1931687334197054,0.6992031872509961,0.300796812749004,4.0,3.0
11:00,1006.0,0.6848906560636183,-8.90387673956261,-8957.299999999987,337.2778876372353,292.44,-507.94,218.30502177068215,-502.74277602523665,-0.02639923062237427,-13946.23999999997,-0.2827862697739504,-0.09853508180573184,2.229515418502203,0.6888667992047713,0.3111332007952286,4.0,3.0
11:01,1004.0,0.6942231075697212,-1.2460159362549657,-1250.9999999999854,334.4972086589988,297.44,-507.94,218.91632711621233,-501.0934201954397,-0.0037250413575953315,-7891.90000000001,-0.06979335410873232,-0.013909814923870075,2.1931687334197054,0.6992031872509961,0.300796812749004,4.0,3.0
11:02,1006.0,0.6848906560636183,-8.90387673956261,-8957.299999999987,337.2778876372353,292.44,-507.94,218.30502177068215,-502.74277602523665,-0.02639923062237427,-13946.23999999997,-0.2827862697739504,-0.09853508180573184,2.229515418502203,0.6888667992047713,0.3111332007952286,4.0,3.0
11:03,1004.0,0.6942231075697212,-1.2460159362549657,-1250.9999999999854,334.4972086589988,297.44,-507.94,218.91632711621233,-501.0934201954397,-0.0037250413575953315,-7891.90000000001,-0.06979335410873232,-0.013909814923870075,2.1931687334197054,0.6992031872509961,0.300796812749004,4.0,3.0
11:04,1006.0,0.6848906560636183,-8.90387673956261,-8957.299999999987,337.2778876372353,292.44,-507.94,218.30502177068215,-502.74277602523665,-0.02639923062237427,-13946.23999999997,-0.2827862697739504,-0.09853508180573184,2.229515418502203,0.6888667992047713,0.3111332007952286,4.0,3.0
11:05,1004.0,0.6942231075697212,-1.2460159362549657,-1250.9999999999854,334.4972086589988,297.44,-507.94,218.91632711621233,-501.0934201954397,-0.0037250413575953315,-7891.90000000001,-0.06979335410873232,-0.013909814923870075,2.1931687334197054,0.6992031872509961,0.300796812749004,4.0,3.0
11:06,1006.0,0.6848906560636183,-8.90387673956261,-8957.299999999987,337.2778876372353,292.44,-507.94,218.30502177068215,-502.74277602523665,-0.02639923062237427,-13946.23999999997,-0.2827862697739504,-0.09853508180573184,2.229515418502203,0.6888667992047713,0.3111332007952286,4.0,3.0
11:07,1004.0,0.6942231075697212,-1.2460159362549657,-1250.9999999999854,334.4972086589988,297.44,-507.94,218.91632711621233,-501.0934201954397,-0.0037250413575953315,-7891.90000000001,-0.06979335410873232,-0.013909814923870075,2.1931687334197054,0.6992031872509961,0.300796812749004,4.0,3.0
11:08,1006.0,0.6848906560636183,-8.90387673956261,-8957.299999999987,337.2778876372353,292.44,-507.94,218.30502177068215,-502.74277602523665,-0.02639923062237427,-13946.23999999997,-0.2827862697739504,-0.09853508180573184,2.229515418502203,0.6888667992047713,0.3111332007952286,4.0,3.0
11:09,1004.0,0.6942231075697212,-1.2460159362549657,-1250.9999999999854,334.4972086589988,297.44,-507.94,218.91632711621233,-501.0934201954397,-0.0037250413575953315,-7891.90000000001,-0.06979335410873232,-0.013909814923870075,2.1931687334197054,0.6992031872509961,0.300796812749004,4.0,3.0
11:10,1006.0,0.6848906560636183,-8.90387673956261,-8957.299999999987,337.2778876372353,292.44,-507.94,218.30502177068215,-502.74277602523665,-0.02639923062237427,-13946.23999999997,-0.2827862697739504,-0.09853508180573184,2.229515418502203,0.6888667992047713,0.3111332007952286,4.0,3.0
11:11,1004.0,0.6942231075697212,-1.2460159362549657,-1250.9999999999854,334.4972086589988,297.44,-507.94,218.91632711621233,-501.0934201954397,-0.0037250413575953315,-7891.90000000001,-0.06979335410873232,-0.013909814923870075,2.1931687334197054,0.6992031872509961,0.300796812749004,4.0,3.0
11:12,1006.0,0.6848906560636183,-8.90387673956261,-8957.299999999987,337.2778876372353,292.44,-507.94,218.30502177068215,-502.74277602523665,-0.02639923062237427,-13946.23999999997,-0.2827862697739504,-0.09853508180573184,2.229515418502203,0.6888667992047713,0.3111332007952286,4.0,3.0
11:13,1004.0,0.6942231075697212,-1.2460159362549657,-1250.9999999999854,334.4972086589988,297.44,-507.94,218.91632711621233,-501.0934201954397,-0.0037250413575953315,-7891.90000000001,-0.06979335410873232,-0.013909814923870075,2.1931687334197054,0.6992031872509961,0.300796812749004,4.0,3.0
11:14,1006.0,0.6848906560636183,-8.90387673956261,-8957.299999999987,337.2778876372353,292.44,-507.94,218.30502177068215,-502.74277602523665,-0.02639923062237427,-13946.23999999997,-0.2827862697739504,-0.09853508180573184,2.229515418502203,0.6888667992047713,0.3111332007952286,4.0,3.0
11:15,1004.0,0.6942231075697212,-1.2460159362549657,-1250.9999999999854,334.4972086589988,297.44,-507.94,218.91632711621233,-501.0934201954397,-0.0037250413575953315,-7891.90000000001,-0.06979335410873232,-0.013909814923870075,2.1931687334197054,0.6992031872509961,0.300796812749004,4.0,3.0
11:16,1006.0,0.6848906560636183,-8.90387673956261,-8957.299999999987,337.2778876372353,292.44,-507.94,218.30502177068215,-502.74277602523665,-0.02639923062237427,-13946.23999999997,-0.2827862697739504,-0.09853508180573184,2.229515418502203,0.6888667992047713,0.3111332007952286,4.0,3.0
11:17,1004.0,0.6942231075697212,-1.2460159362549657,-1250.9999999999854,334.4972086589988,297.44,-507.94,218.91632711621233,-501.0934201954397,-0.0037250413575953315,-7891.90000000001,-0.06979335410873232,-0.013909814923870075,2.1931687334197054,0.6992031872509961,0.300796812749004,4.0,3.0
11:18,1006.0,0.6848906560636183,-8.90387673956261,-8957.299999999987,337.2778876372353,292.44,-507.94,218.30502177068215,-502.74277602523665,-0.02639923062237427,-13946.23999999997,-0.2827862697739504,-0.09853508180573184,2.229515418502203,0.6888667992047713,0.3111332007952286,4.0,3.0
11:19,1004.0,0.6942231075697212,-1.2460159362549657,-1250.9999999999854,334.4972086589988,297.44,-507.94,218.91632711621233,-501.0934201954397,-0.0037250413575953315,-7891.90000000001,-0.06979335410873232,-0.013909814923870075,2.1931687334197054,0.6992031872509961,0.300796812749004,4.0,3.0
11:20,1006.0,0.6848906560636183,-8.90387673956261,-8957.299999999987,337.2778876372353,292.44,-507.94,218.30502177068215,-502.74277602523665,-0.02639923062237427,-13946.23999999997,-0.2827862697739504,-0.09853508180573184,2.229515418502203,0.6888667992047713,0.3111332007952286,4.0,3.0
11:21,1015.0,0.6935960591133005,-1.3085320197044235,-1328.1599999999899,332.8776459358892,302.44,-507.94,217.99823863636365,-497.74572347266883,-0.0039309699394967515,-10874.70000000001,-0.053773888891606086,-0.014401496942980332,2.187700831024931,0.7024630541871921,0.2975369458128079,4.0,3.0
11:22,1006.0,0.694831013916501,-0.448906560636167,-451.599999999984,332.68515134548517,292.44,-507.94,218.00509298998568,-497.8409120521173,-0.001349343542447402,-9832.419999999998,-0.020222360380392636,-0.004702686697342458,2.187095155268833,0.7037773359840954,0.2962226640159046,4.0,3.0
11:25,1015.0,0.6876847290640394,-5.010758620689642,-5085.919999999986,333.34765272968457,292.44,-507.94,217.35117478510028,-494.62788643533116,-0.015031630130459996,-12928.940000000002,-0.17319882383610108,-0.05546211496955985,2.184070796460177,0.7004926108374384,0.2995073891625616,4.0,3.0
11:26,1011.0,0.6913946587537092,-3.942551928783372,-3985.919999999989,332.7395701112773,292.44,-507.94,216.37705293276107,-497.54320512820505,-0.011848761863414301,-12026.680000000017,-0.14592212859047304,-0.04430112478566041,2.1913429522752494,0.7012858555885262,0.2987141444114738,4.0,3.0
11:27,1015.0,0.6876847290640394,-5.010758620689642,-5085.919999999986,333.34765272968457,292.44,-507.94,217.35117478510028,-494.62788643533116,-0.015031630130459996,-12928.940000000002,-0.17319882383610108,-0.05546211496955985,2.184070796460177,0.7004926108374384,0.2995073891625616,4.0,3.0
11:28,1011.0,0.6913946587537092,-3.942551928783372,-3985.919999999989,332.7395701112773,292.44,-507.94,216.37705293276107,-497.54320512820505,-0.011848761863414301,-12026.680000000017,-0.14592212859047304,-0.04430112478566041,2.1913429522752494,0.7012858555885262,0.2987141444114738,4.0,3.0
11:29,1015.0,0.6876847290640394,-5.010758620689642,-5085.919999999986,333.34765272968457,292.44,-507.94,217.35117478510028,-494.62788643533116,-0.015031630130459996,-12928.940000000002,-0.17319882383610108,-0.05546211496955985,2.184070796460177,0.7004926108374384,0.2995073891625616,4.0,3.0
11:30,1011.0,0.6913946587537092,-3.942551928783372,-3985.919999999989,332.7395701112773,292.44,-507.94,216.37705293276107,-497.54320512820505,-0.011848761863414301,-12026.680000000017,-0.14592212859047304,-0.04430112478566041,2.1913429522752494,0.7012858555885262,0.2987141444114738,4.0,3.0
11:31,1015.0,0.6876847290640394,-5.010758620689642,-5085.919999999986,333.34765272968457,292.44,-507.94,217.35117478510028,-494.62788643533116,-0.015031630130459996,-12928.940000000002,-0.17319882383610108,-0.05546211496955985,2.184070796460177,0.7004926108374384,0.2995073891625616,4.0,3.0
11:32,1011.0,0.6913946587537092,-3.942551928783372,-3985.919999999989,332.7395701112773,292.44,-507.94,216.37705293276107,-497.54320512820505,-0.011848761863414301,-12026.680000000017,-0.14592212859047304,-0.04430112478566041,2.1913429522752494,0.7012858555885262,0.2987141444114738,4.0,3.0
11:33,1015.0,0.6876847290640394,-5.010758620689642,-5085.919999999986,333.34765272968457,292.44,-507.94,217.35117478510028,-494.62788643533116,-0.015031630130459996,-12928.940000000002,-0.17319882383610108,-0.05546211496955985,2.184070796460177,0.7004926108374384,0.2995073891625616,4.0,3.0
11:34,1011.0,0.6913946587537092,-3.942551928783372,-3985.919999999989,332.7395701112773,292.44,-507.94,216.37705293276107,-497.54320512820505,-0.011848761863414301,-12026.680000000017,-0.14592212859047304,-0.04430112478566041,2.1913429522752494,0.7012858555885262,0.2987141444114738,4.0,3.0
11:35,1015.0,0.6876847290640394,-5.010758620689642,-5085.919999999986,333.34765272968457,292.44,-507.94,217.35117478510028,-494.62788643533116,-0.015031630130459996,-12928.940000000002,-0.17319882383610108,-0.05546211496955985,2.184070796460177,0.7004926108374384,0.2995073891625616,4.0,3.0
11:36,1011.0,0.6913946587537092,-3.942551928783372,-3985.919999999989,332.7395701112773,292.44,-507.94,216.37705293276107,-497.54320512820505,-0.011848761863414301,-12026.680000000017,-0.14592212859047304,-0.04430112478566041,2.1913429522752494,0.7012858555885262,0.2987141444114738,4.0,3.0
11:37,1015.0,0.6876847290640394,-5.010758620689642,-5085.919999999986,333.34765272968457,292.44,-507.94,217.35117478510028,-494.62788643533116,-0.015031630130459996,-12928.940000000002,-0.17319882383610108,-0.05546211496955985,2.184070796460177,0.7004926108374384,0.2995073891625616,4.0,3.0
11:38,1011.0,0.6913946587537092,-3.942551928783372,-3985.919999999989,332.7395701112773,292.44,-507.94,216.37705293276107,-497.54320512820505,-0.011848761863414301,-12026.680000000017,-0.14592212859047304,-0.04430112478566041,2.1913429522752494,0.7012858555885262,0.2987141444114738,4.0,3.0
11:39,1016.0,0.6889763779527559,-5.233877952755892,-5317.619999999986,334.4392865199913,292.44,-507.94,217.40714285714284,-498.4260126582278,-0.015649710317280664,-11030.780000000012,-0.21225083628313124,-0.05756215742672033,2.1889135254988914,0.6978346456692913,0.3021653543307087,0.0,3.0
11:40,1021.0,0.6973555337904016,-1.146816846229173,-1170.8999999999855,331.7333327340175,292.44,-507.94,215.5762359550562,-500.5216181229773,-0.0034570443578206423,-8737.280000000002,-0.05900405868942098,-0.014034297836100907,2.1828634604754007,0.703232125367287,0.29676787463271304,0.0,3.0
11:41,1016.0,0.6889763779527559,-5.233877952755892,-5317.619999999986,334.4392865199913,292.44,-507.94,217.40714285714284,-498.4260126582278,-0.015649710317280664,-11030.780000000012,-0.21225083628313124,-0.05756215742672033,2.1889135254988914,0.6978346456692913,0.3021653543307087,0.0,3.0
11:42,1021.0,0.6973555337904016,-1.146816846229173,-1170.8999999999855,331.7333327340175,292.44,-507.94,215.5762359550562,-500.5216181229773,-0.0034570443578206423,-8737.280000000002,-0.05900405868942098,-0.014034297836100907,2.1828634604754007,0.703232125367287,0.29676787463271304,0.0,3.0
11:43,1016.0,0.6889763779527559,-5.233877952755892,-5317.619999999986,334.4392865199913,292.44,-507.94,217.40714285714284,-498.4260126582278,-0.015649710317280664,-11030.780000000012,-0.21225083628313124,-0.05756215742672033,2.1889135254988914,0.6978346456692913,0.3021653543307087,0.0,3.0
11:44,1021.0,0.6973555337904016,-1.146816846229173,-1170.8999999999855,331.7333327340175,292.44,-507.94,215.5762359550562,-500.5216181229773,-0.0034570443578206423,-8737.280000000002,-0.05900405868942098,-0.014034297836100907,2.1828634604754007,0.703232125367287,0.29676787463271304,0.0,3.0
11:45,1023.0,0.7047898338220919,5.799765395894441,5933.160000000013,328.93396234189777,302.44,-507.94,216.5759223300971,-497.41086092715227,0.017632005386741118,-8390.139999999998,0.31135452829470595,0.06385895392176431,2.2258383727322704,0.7145650048875856,0.2854349951124145,4.0,3.0
11:46,1025.0,0.6965853658536585,2.3691512195122075,2428.380000000013,331.643759821111,302.44,-507.94,218.6710924369748,-494.2211575562702,0.007143662889330799,-8808.540000000006,0.12138109484566138,0.026382348266242917,2.196218020022247,0.7082926829268292,0.2917073170731707,4.0,3.0
11:47,1023.0,0.7047898338220919,5.799765395894441,5933.160000000013,328.93396234189777,302.44,-507.94,216.5759223300971,-497.41086092715227,0.017632005386741118,-8390.139999999998,0.31135452829470595,0.06385895392176431,2.2258383727322704,0.7145650048875856,0.2854349951124145,4.0,3.0
11:48,1025.0,0.6965853658536585,2.3691512195122075,2428.380000000013,331.643759821111,302.44,-507.94,218.6710924369748,-494.2211575562702,0.007143662889330799,-8808.540000000006,0.12138109484566138,0.026382348266242917,2.196218020022247,0.7082926829268292,0.2917073170731707,4.0,3.0
11:49,1023.0,0.7047898338220919,5.799765395894441,5933.160000000013,328.93396234189777,302.44,-507.94,216.5759223300971,-497.41086092715227,0.017632005386741118,-8390.139999999998,0.31135452829470595,0.06385895392176431,2.2258383727322704,0.7145650048875856,0.2854349951124145,4.0,3.0
11:50,1025.0,0.6965853658536585,2.3691512195122075,2428.380000000013,331.643759821111,302.44,-507.94,218.6710924369748,-494.2211575562702,0.007143662889330799,-8808.540000000006,0.12138109484566138,0.026382348266242917,2.196218020022247,0.7082926829268292,0.2917073170731707,4.0,3.0
11:51,1023.0,0.7047898338220919,5.799765395894441,5933.160000000013,328.93396234189777,302.44,-507.94,216.5759223300971,-497.41086092715227,0.017632005386741118,-8390.139999999998,0.31135452829470595,0.06385895392176431,2.2258383727322704,0.7145650048875856,0.2854349951124145,4.0,3.0
11:52,1025.0,0.6965853658536585,2.3691512195122075,2428.380000000013,331.643759821111,302.44,-507.94,218.6710924369748,-494.2211575562702,0.007143662889330799,-8808.540000000006,0.12138109484566138,0.026382348266242917,2.196218020022247,0.7082926829268292,0.2917073170731707,4.0,3.0
11:53,1023.0,0.7047898338220919,5.799765395894441,5933.160000000013,328.93396234189777,302.44,-507.94,216.5759223300971,-497.41086092715227,0.017632005386741118,-8390.139999999998,0.31135452829470595,0.06385895392176431,2.2258383727322704,0.7145650048875856,0.2854349951124145,4.0,3.0
11:54,1025.0,0.6965853658536585,2.3691512195122075,2428.380000000013,331.643759821111,302.44,-507.94,218.6710924369748,-494.2211575562702,0.007143662889330799,-8808.540000000006,0.12138109484566138,0.026382348266242917,2.196218020022247,0.7082926829268292,0.2917073170731707,4.0,3.0
12:05,1028.0,0.7091439688715954,13.240194552529195,13610.920000000013,323.95770876928196,302.44,-507.94,217.13272976680386,-483.87571906354515,0.04087013271833785,-5091.479999999998,1.177014391733478,0.14646568794745263,2.1913429522752494,0.7276264591439688,0.2723735408560311,4.0,3.0
12:06,1023.0,0.7067448680351907,9.985904203323571,10215.580000000013,325.06419712118065,312.44,-507.94,216.04719225449514,-486.6218,0.030719791019005783,-5377.879999999999,0.8363542261750896,0.11020773340882865,2.229515418502203,0.7233626588465298,0.27663734115347016,0.0,3.0
12:07,1023.0,0.7057673509286413,9.721974584555245,9945.580000000014,325.7780749170887,302.44,-507.94,216.7460941828255,-486.8607973421927,0.029842323142923323,-6253.859999999997,0.7001970781880106,0.10756414889885108,2.1901275651691625,0.7233626588465298,0.27663734115347016,0.0,1.0
12:08,1023.0,0.7028347996089932,9.003362658846543,9210.440000000013,327.81535567760653,307.44,-507.94,218.98659248956884,-487.63460526315794,0.027464737398393856,-5728.959999999994,0.7078527468120509,0.0996692051645459,2.229515418502203,0.7204301075268817,0.27956989247311825,0.0,1.0
12:09,1027.0,0.7010710808179162,5.302375851996115,5445.54000000001,329.24522002566636,312.44,-507.94,217.72611111111112,-492.89009771986974,0.01610464033944902,-7414.019999999991,0.3233892157546962,0.058655026521538096,2.185279468732706,0.7147030185004869,0.28529698149951316,4.0,3.0
12:10,1026.0,0.7007797270955166,6.039220272904497,6196.240000000013,327.58942428412746,302.44,-507.94,216.79744089012516,-487.560651465798,0.018435333454679882,-5235.479999999995,0.5210867857607333,0.06677092675307848,2.1798511183191267,0.7173489278752436,0.2826510721247563,4.0,3.0
12:11,1020.0,0.6990196078431372,6.948862745098054,7087.840000000015,330.21901752252774,307.44,-507.94,220.49890603085555,-489.01589576547235,0.02104319368772877,-6221.019999999998,0.5016382471289934,0.07699106544271961,2.230744478821112,0.7137254901960784,0.28627450980392155,0.0,2.0
12:12,1022.0,0.6996086105675147,6.992876712328784,7146.7200000000175,329.64355641709267,302.44,-507.94,219.76027972027973,-488.540325732899,0.021213448818276946,-8336.66,0.37744442189486255,0.07706872061082673,2.2282883874518435,0.7142857142857143,0.2857142857142857,0.0,2.0
12:13,1028.0,0.6964980544747081,6.175447470817134,6348.360000000013,328.9023112976213,302.44,-507.94,219.39810055865922,-483.1432051282051,0.018775932119336848,-9865.339999999993,0.2833269086195048,0.06839889363642963,2.190735258722206,0.7159533073929961,0.2840466926070039,0.0,3.0
12:14,1031.0,0.6993210475266731,5.977749757516986,6163.060000000013,327.6923284091839,297.44,-507.94,217.41919556171982,-485.79412903225807,0.018241958200659096,-7858.039999999998,0.3453190158518529,0.06607728722826614,2.1913429522752494,0.7177497575169738,0.2822502424830262,0.0,3.0
12:15,1033.0,0.6960309777347532,4.751984511132635,4908.800000000012,328.8356531906677,302.44,-507.94,218.49563282336575,-484.680127388535,0.014450940659945129,-8619.33999999999,0.2507492597166474,0.05239890895302694,2.193777777777778,0.7153920619554696,0.2846079380445305,0.0,1.0
12:16,1025.0,0.6985365853658536,6.262243902439034,6418.80000000001,328.27855795070496,292.44,-507.94,218.4623463687151,-485.43766990291266,0.019076006491351126,-8162.599999999998,0.3462291766646298,0.06885143000787007,2.186489479512735,0.7170731707317073,0.28292682926829266,4.0,3.0
12:17,1027.0,0.6981499513145083,6.4912755598831655,6666.540000000011,329.084101909615,302.44,-507.94,219.24892608089263,-485.5965806451613,0.01972527849937289,-5996.019999999997,0.4895259854899579,0.07131477973593586,2.2307438016528924,0.7147030185004869,0.28529698149951316,0.0,3.0
12:18,1016.0,0.6958661417322834,2.9544291338582784,3001.7000000000107,329.568271461853,302.44,-507.94,217.46687411598305,-487.8555987055016,0.00896454358531977,-9513.46000000001,0.138920751066795,0.03272218472652586,2.184070796460177,0.7116141732283464,0.28838582677165353,0.0,3.0
12:19,1014.0,0.6942800788954635,2.073175542406323,2102.2000000000116,329.3877924111808,302.44,-507.94,217.06784090909093,-486.1727741935484,0.006294026646313414,-8918.919999999998,0.10377675753468174,0.02267695642749961,2.185279468732706,0.7120315581854043,0.2879684418145957,0.0,3.0
12:20,1015.0,0.6955665024630542,3.523783251231538,3576.6400000000112,329.9430770340761,302.44,-507.94,218.46124645892354,-487.56310679611653,0.010679973293901256,-6317.779999999997,0.24925797617118967,0.03892562538223411,2.222173435784852,0.7123152709359606,0.2876847290640394,0.0,3.0
12:21,74168.0,0.6988188976377953,5.528759842519694,410057.0600000007,328.5577404296049,302.44,-507.94,218.12450704225355,-487.748954248366,0.01682736141078453,-574606.7399999769,0.31420414620399384,0.06060358896083628,2.185187009116075,0.7155511811023622,0.2844488188976378,0.0,3.0
12:22,1017.0,0.7000983284169124,5.194119960668646,5282.420000000013,327.33523311826355,302.44,-507.94,216.3501123595506,-487.7339672131148,0.015867891492120718,-9745.820000000012,0.23864529503563336,0.05738781230213283,2.1901275651691625,0.7177974434611603,0.28220255653883974,0.0,3.0
12:23,1010.0,0.698019801980198,6.170396039603973,6232.100000000012,328.2989919083657,302.44,-507.94,218.6612765957447,-484.9970491803278,0.018795050218510096,-8889.68,0.30866445437622697,0.06830979039614034,2.2289019029770234,0.7178217821782178,0.28217821782178215,0.0,3.0
12:24,1013.0,0.7018756169792695,7.103830207305044,7196.180000000009,326.3354132826992,297.44,-507.94,216.3120112517581,-485.43596026490076,0.02176849314588824,-10463.50000000002,0.30280523086658334,0.07815622398372883,2.184070796460177,0.7206317867719645,0.2793682132280355,4.0,3.0
12:25,1015.0,0.6945812807881774,2.9359802955665146,2980.0200000000123,329.5381112994614,302.44,-507.94,218.06411347517732,-486.30703225806457,0.008909380113848196,-10955.900000000007,0.1197593563254711,0.03241565645149954,2.181657458563536,0.7133004926108374,0.28669950738916256,4.0,3.0
12:26,1018.0,0.7072691552062869,12.49891944990178,12723.900000000012,325.44989140080213,302.44,-507.94,218.35527777777781,-484.8721476510068,0.03840505030161142,-6024.239999999996,0.9299429700872183,0.1378491939948339,2.224004562159422,0.7259332023575639,0.27406679764243613,4.0,3.0
12:27,1019.0,0.6977428851815506,3.988007850834164,4063.7800000000134,328.5414988482845,292.44,-507.94,216.96742616033754,-487.66253246753246,0.012138520901664741,-9478.76,0.18876305406710636,0.0429020929176204,2.1756473829201104,0.7144259077526988,0.2855740922473013,4.0,2.0
12:28,1015.0,0.6975369458128079,2.453458128078829,2490.260000000011,329.5158631513881,302.44,-507.94,216.62220338983053,-491.4601302931595,0.0074456449671791575,-9278.939999999997,0.11816385748670659,0.025672385864836594,2.185279468732706,0.7113300492610838,0.28866995073891627,0.0,3.0
12:29,1014.0,0.6952662721893491,3.62976331360948,3680.5800000000127,329.2170934746201,297.44,-507.94,217.92652482269506,-485.2997411003236,0.011025440007686915,-10940.50000000003,0.1481212694016749,0.03941218004550454,2.187700831024931,0.7130177514792899,0.2869822485207101,0.0,3.0
12:30,74387.0,0.6967615309126595,2.5077526987242464,186544.20000000054,328.2710990968,302.44,-507.94,215.98647887323946,-488.009708737864,0.007639273471298686,-717301.1999999782,0.11450343810732083,0.02660580721036779,2.172057205720572,0.7134445534838076,0.28655544651619236,4.0,2.0
12:31,1017.0,0.6814159292035398,-5.391012782694188,-5482.659999999989,332.77911183645864,302.44,-507.94,218.31878787878784,-483.8814197530864,-0.016199973468718053,-12006.96000000004,-0.20104653133108707,-0.06057466182946638,2.181657458563536,0.7020648967551623,0.29793510324483774,0.0,2.0
12:32,1027.0,0.6874391431353457,-0.2289386562804177,-235.11999999998898,331.26109199736936,302.44,-507.94,219.19495750708217,-482.8247975077881,-0.0006911124240399345,-9677.400000000043,-0.010697177807704482,-0.0028638773304933128,2.186489479512735,0.7078870496592016,0.2921129503407984,4.0,2.0
12:33,1020.0,0.6823529411764706,-3.8630784313725384,-3940.3399999999892,332.87023582098607,302.44,-507.94,219.17850574712642,-482.9894444444445,-0.011605358532115978,-12627.320000000072,-0.13739180996593453,-0.0433353084948913,2.1792494481236204,0.7029411764705882,0.29705882352941176,4.0,2.0
12:34,1021.0,0.6875612144955926,-1.100646425073447,-1123.7599999999893,331.99580212792165,317.44,-507.94,219.01549857549858,-485.4941692789968,-0.0033152419940820693,-12801.020000000066,-0.03865158671887216,-0.012368917152490597,2.184070796460177,0.7061704211557297,0.2938295788442703,0.0,3.0
12:35,1012.0,0.6976284584980237,3.540968379446652,3583.460000000012,328.402402453667,302.44,-507.94,216.52356940509918,-487.8502614379085,0.010782407049979586,-8613.94000000003,0.18316355014335292,0.0395829419624444,2.1792494481236204,0.7144268774703557,0.2855731225296443,0.0,3.0
12:36,1013.0,0.6989141164856861,5.934511352418571,6011.660000000013,328.39966685127257,312.44,-507.94,218.2888700564972,-487.0060983606558,0.01807100296208956,-7604.9,0.3480480753465081,0.06525929388884678,2.2233937397034595,0.7166831194471865,0.2833168805528134,4.0,3.0
12:37,1018.0,0.7033398821218074,8.356581532416515,8507.000000000013,326.460895346542,312.44,-507.94,217.12575418994413,-486.60609271523174,0.025597496213278188,-6385.9,0.5865332721586513,0.09200667364691181,2.1895205453340267,0.7210216110019646,0.27897838899803534,4.0,3.0
12:38,1016.0,0.6968503937007874,5.277401574803163,5361.840000000013,329.3353378299789,312.44,-507.94,219.0021468926554,-486.011948051948,0.01602440117594562,-7939.239999999998,0.29735363608925913,0.0579503788767731,2.1919513206684407,0.7145669291338582,0.2854330708661417,4.0,3.0
12:39,1016.0,0.7017716535433071,5.363405511811035,5449.220000000011,328.02146855581606,302.44,-507.94,216.5157363253857,-491.506600660066,0.016350775866666785,-7549.239999999998,0.31781137952556915,0.05808088920010703,2.1828634604754007,0.7155511811023622,0.2844488188976378,0.0,2.0
12:40,1014.0,0.6992110453648915,4.694477317554253,4760.200000000013,330.09338554135996,312.44,-507.94,218.5147531734838,-492.35003278688527,0.014221664302225304,-7653.679999999989,0.2738376968647047,0.05060881578674141,2.1798511183191267,0.7120315581854043,0.2879684418145957,4.0,2.0
12:41,1021.0,0.693437806072478,-0.020705190989213206,-21.139999999986685,331.86548308114044,307.44,-507.94,217.84112994350286,-492.82,-6.239031187268979e-05,-11981.66000000003,-0.0007768306014981919,-0.0014102963415894149,2.1756473829201104,0.7051909892262488,0.2948090107737512,4.0,3.0
12:42,1020.0,0.6901960784313725,0.4756666666666768,485.1800000000103,332.0563193390538,302.44,-507.94,219.52664772727275,-487.5366455696203,0.0014324879213666953,-8704.44000000001,0.02454145955899189,0.005181790592096751,2.185279468732706,0.7068627450980393,0.2931372549019608,4.0,3.0
12:43,1017.0,0.6991150442477876,3.470757128810237,3529.760000000011,330.26324553289055,292.44,-507.94,217.5722081575246,-494.0002614379085,0.010509062621273695,-7964.540000000002,0.19512944685824193,0.037675873697122365,2.185279468732706,0.7109144542772862,0.2890855457227139,4.0,3.0
12:44,1010.0,0.696039603960396,2.2677623762376315,2290.440000000008,329.5141908696538,302.44,-507.94,216.74867709815078,-488.8725732899023,0.00688213873354757,-9713.880000000045,0.10381605443067307,0.02441659298018586,2.1901275651691625,0.7108910891089109,0.2891089108910891,4.0,3.0
12:45,73803.0,0.705242334322453,9.175608308605348,677187.4200000005,327.7344089033658,302.44,-507.94,218.19596072931282,-490.93013422818797,0.027997085625851455,-621732.7599999971,0.47956056591584223,0.10100007470778456,2.1792494481236204,0.7181008902077152,0.2818991097922849,4.0,3.0
12:46,1021.0,0.702252693437806,6.475808031341832,6611.80000000001,327.8584890187013,302.44,-507.94,217.09132496513251,-490.2719736842105,0.019751838821450946,-8622.62,0.3376127153916506,0.07141843717557733,2.1828634604754007,0.7179236043095005,0.2820763956904995,4.0,2.0
12:47,1023.0,0.7057673509286413,10.757262952101675,11004.680000000013,328.21832451628023,322.44,-507.94,219.65606648199446,-490.3222591362126,0.03277471776737467,-7607.740000000002,0.6368836362173133,0.11883255463243475,2.217305585980285,0.718475073313783,0.28152492668621704,4.0,3.0
12:48,1019.0,0.6987242394504416,5.718508341511297,5827.160000000012,328.71656423503805,302.44,-507.94,218.187191011236,-487.0427361563518,0.017396471500664826,-8857.5,0.2896570583630992,0.062145918685503586,2.1780474351902925,0.7154072620215898,0.2845927379784102,4.0,2.0
12:49,1016.0,0.6998031496062992,5.363405511811036,5449.220000000013,328.40805011496326,312.44,-507.94,217.3612376933896,-488.8348196721311,0.01633152874886444,-8345.179999999998,0.28749941628216624,0.05900480446110914,2.1798511183191267,0.7155511811023622,0.2844488188976378,4.0,2.0
12:50,1013.0,0.6939782823297137,2.2941757156959652,2324.0000000000127,330.66378520527667,302.44,-507.94,218.45422475106687,-487.90103225806456,0.0069380918574791514,-9291.48,0.1101259229547074,0.024530809866390058,2.172057205720572,0.7097729516288253,0.29022704837117475,4.0,3.0
12:51,1011.0,0.7012858555885262,7.059129574678549,7136.7800000000125,328.488974730717,312.44,-507.94,218.23266572637522,-488.7092052980132,0.0214897001656307,-8059.2599999999975,0.3898930344163194,0.07699882414156195,2.1792494481236204,0.7161226508407518,0.2838773491592483,4.0,3.0
12:52,1015.0,0.7014778325123153,6.918758620689667,7022.540000000012,328.099791000951,302.44,-507.94,217.68578651685397,-488.34897689768985,0.021087360645924987,-8887.119999999999,0.34791368446132664,0.0754592524024126,2.187700831024931,0.7172413793103448,0.2827586206896552,4.0,2.0
12:53,1011.0,0.7042532146389713,9.720751730959456,9827.680000000011,326.597144088798,312.44,-507.94,217.7012359550562,-485.53712374581954,0.029763737702239352,-7843.380000000005,0.551678532304552,0.10808699719225705,2.181657458563536,0.7210682492581603,0.2789317507418398,4.0,3.0
12:54,1015.0,0.7083743842364532,13.222995073891637,13421.340000000011,324.3281024955103,292.44,-507.94,217.38575799721835,-482.69939189189193,0.04077042652840941,-6672.66,0.8855951226023928,0.1464477229033833,2.186489479512735,0.7270935960591133,0.2729064039408867,4.0,2.0
12:55,1020.0,0.7186274509803922,16.87970588235295,17217.30000000001,322.1793908127683,302.44,-507.94,215.38406548431107,-490.10181184669,0.05239225836193366,-6710.0,1.1297461254559482,0.18634228658570537,2.181657458563536,0.7303921568627451,0.2696078431372549,4.0,2.0
12:56,1020.0,0.7176470588235294,15.89880392156864,16216.780000000012,324.6283154258007,317.44,-507.94,216.96595628415304,-495.1468750000001,0.048975407153608506,-6924.4800000000005,1.031135629800124,0.1755795513154899,2.180452788514633,0.7264705882352941,0.2735294117647059,4.0,2.0
12:57,73512.0,0.7208619000979432,18.561939275220375,1364525.2800000003,322.76551748075036,312.44,-507.94,216.69543478260871,-493.1091228070175,0.05750905307388483,-355247.59999999794,1.6911758465800086,0.2045423180488615,2.1901275651691625,0.7306562193927522,0.2693437806072478,4.0,2.0
12:58,1022.0,0.7142857142857143,14.866829745596881,15193.900000000012,325.4672459899317,312.44,-507.94,217.76739726027398,-492.384589041096,0.04567842057463682,-7212.879999999999,0.927467906928431,0.16405319901390295,2.1919513206684407,0.7250489236790607,0.27495107632093935,4.0,2.0
12:59,1016.0,0.7096456692913385,10.655866141732295,10826.360000000011,327.77550354439404,317.44,-507.94,217.6688488210818,-495.29789830508474,0.03250964769027976,-7937.819999999999,0.6005090427835278,0.11751318254847028,2.185279468732706,0.718503937007874,0.281496062992126,4.0,2.0
13:00,1014.0,0.7100591715976331,10.92096646942802,11073.860000000011,328.1071132657298,302.44,-507.94,218.23722222222224,-496.79231292517005,0.03328475984787098,-6893.159999999997,0.7073249921054249,0.12106573585779415,2.219736842105263,0.7189349112426036,0.28106508875739644,4.0,2.0
13:01,1018.0,0.7072691552062869,10.032416502946969,10213.000000000015,326.82582663975097,317.44,-507.94,217.1566666666667,-490.40201342281875,0.030696522995428275,-6858.119999999999,0.6556719215963686,0.11097799643020932,2.187700831024931,0.7210216110019646,0.27897838899803534,4.0,2.0
13:02,1020.0,0.711764705882353,11.632980392156874,11865.640000000012,325.59543825987856,312.44,-507.94,215.96479338842977,-492.9414965986395,0.03572832732033502,-6087.719999999999,0.8581729723425833,0.12806858246376449,2.1786484416569563,0.7235294117647059,0.27647058823529413,4.0,1.0
13:03,1018.0,0.7033398821218074,8.950510805500992,9111.62000000001,327.4629321295967,312.44,-507.94,218.0196089385475,-486.7232450331126,0.02733289764216347,-6548.099999999999,0.6126587351216298,0.09827232680030017,2.1858844741227204,0.7200392927308448,0.27996070726915523,4.0,2.0
13:04,1016.0,0.7057086614173228,10.55757874015749,10726.500000000011,327.33246872713175,302.44,-507.94,218.60596931659694,-488.3410702341138,0.03225338073308705,-6055.16,0.7799571571974777,0.11642514728277413,2.184070796460177,0.7214566929133859,0.2785433070866142,4.0,2.0
13:05,1014.0,0.7159763313609467,15.699487179487186,15919.280000000006,324.6226361962917,302.44,-507.94,217.1658953168044,-492.16375,0.04836226876672295,-6274.4800000000005,1.117079330553841,0.17350813885747973,2.1828634604754007,0.727810650887574,0.27218934911242604,4.0,2.0
13:06,1012.0,0.7114624505928854,12.162549407114634,12308.50000000001,326.6680179333099,307.44,-507.94,217.4927777777778,-494.1311643835617,0.03723214009152757,-5695.92,0.9514360063981468,0.13404246569382697,2.187095155268833,0.7223320158102767,0.2776679841897233,4.0,2.0
13:07,1014.0,0.7071005917159763,11.580631163708095,11742.760000000007,325.5680866582927,312.44,-507.94,217.42744769874477,-485.3626936026936,0.03557053543722424,-4159.480000000027,1.2429952765158947,0.12728707158206973,2.1828634604754007,0.7238658777120316,0.27613412228796846,4.0,2.0
13:08,1018.0,0.7013752455795678,7.713261296660128,7852.10000000001,329.1308005788101,312.44,-507.94,218.9806162464986,-488.4870394736842,0.023435246057481006,-4681.419999999998,0.7384932831433594,0.08507295179686826,2.2258383727322704,0.7161100196463654,0.28388998035363455,4.0,2.0
13:09,1020.0,0.7,4.866882352941187,4964.22000000001,328.96804487794907,307.44,-507.94,216.7775350140056,-489.5913071895425,0.01479439243026433,-6778.39999999999,0.3224498360434497,0.05313676104120729,2.1780474351902925,0.7147058823529412,0.2852941176470588,4.0,2.0
13:10,1014.0,0.6982248520710059,4.977278106508882,5046.960000000006,329.3915761389185,312.44,-507.94,217.7606214689266,-487.34496732026145,0.015110520326147478,-7851.77999999999,0.2830088874517688,0.05512339241251799,2.187095155268833,0.7140039447731755,0.2859960552268245,4.0,3.0
13:11,1018.0,0.7043222003929273,8.843948919449913,9003.14000000001,325.6851388385725,312.44,-507.94,216.15966527196653,-484.9944850498339,0.027154904737097814,-5001.540000000014,0.7925535051006449,0.09764937204772567,2.1768467475192943,0.7239685658153242,0.27603143418467585,4.0,2.0
13:12,1014.0,0.7061143984220908,11.31844181459567,11476.900000000009,324.9096721548332,297.44,-507.94,216.99307262569835,-482.85281879194633,0.03483565675201553,-5332.420000000013,0.9476295237151626,0.12560634490689498,2.182260459519468,0.7268244575936884,0.27317554240631164,4.0,2.0
13:13,1014.0,0.7071005917159763,11.262603550295868,11420.28000000001,324.02409996582657,312.44,-507.94,215.8835146443515,-482.72121212121215,0.03475853663811947,-3945.6600000000076,1.2743696702330825,0.1248755969638533,2.17086311159978,0.727810650887574,0.27218934911242604,4.0,2.0
13:14,1014.0,0.7011834319526628,6.611676528599614,6704.240000000009,327.5186028704464,307.44,-507.94,217.14323488045005,-487.40792079207915,0.020187178592768168,-7163.059999999996,0.41208736404164426,0.07318503193689997,2.1792494481236204,0.7199211045364892,0.28007889546351084,4.0,2.0
13:15,1016.0,0.7096456692913385,11.50198818897639,11686.020000000013,325.5618563482977,322.44,-507.94,216.78257975034674,-490.21769491525424,0.03532965537790507,-5537.799999999998,0.9291111932941554,0.1270076782731099,2.1750483610635793,0.7253937007874016,0.27460629921259844,4.0,2.0
13:16,1016.0,0.7017716535433071,8.324311023622062,8457.500000000015,327.23588838543765,302.44,-507.94,218.0094249649369,-485.09313531353143,0.025438258207844247,-4083.039999999999,0.9120039216268357,0.09214459840073917,2.1756473829201104,0.7214566929133859,0.2785433070866142,4.0,2.0
13:17,1015.0,0.696551724137931,3.4566896551724255,3508.540000000012,327.60122196237285,312.44,-507.94,215.49516265912308,-483.267987012987,0.010551516366350579,-6210.539999999997,0.24873414250212653,0.03865156575038089,2.1637260273972605,0.7172413793103448,0.2827586206896552,4.0,3.0
13:18,1013.0,0.6939782823297137,0.3641658440276529,368.90000000001237,329.29082984285634,312.44,-507.94,215.65337126600286,-487.85619354838707,0.001105909460647415,-10204.340000000093,0.01591703123891176,0.004932144220913844,2.1696703296703297,0.7147087857847977,0.28529121421520237,0.0,2.0
13:19,1015.0,0.6935960591133005,0.6079014778325235,617.0200000000114,329.1978890941638,302.44,-507.94,215.53943181818184,-485.9252090032154,0.0018466141429559386,-10016.120000000046,0.027123020754476604,0.006185871437476919,2.132299168975069,0.7133004926108374,0.28669950738916256,0.0,3.0
13:20,1016.0,0.7007874015748031,7.77448818897639,7898.880000000012,326.9000914672771,317.44,-507.94,217.24477528089892,-482.8269736842106,0.023782459509512317,-7760.360000000004,0.44814853545929767,0.08520555235419082,2.17086311159978,0.7224409448818898,0.27755905511811024,0.0,3.0
13:21,1019.0,0.6938174681059862,3.8330912659470178,3905.920000000011,328.5962430902819,312.44,-507.94,217.7313719943423,-480.86589743589735,0.011665048966776758,-8811.119999999997,0.1951778644533527,0.042355923257924234,2.1346644481419856,0.7173699705593719,0.2826300294406281,0.0,2.0
13:22,1019.0,0.6869479882237488,0.2676938174681173,272.78000000001157,330.0535290973681,302.44,-507.94,218.72142857142856,-479.0978683385581,0.0008110618244265033,-10822.020000000008,0.011097943941215846,0.002397179083024221,2.1780474351902925,0.7144259077526988,0.2855740922473013,4.0,3.0
13:23,1020.0,0.6852941176470588,-3.24319607843136,-3308.059999999987,330.8057036049515,317.44,-507.94,216.7647496423462,-482.32591900311525,-0.009803930352737775,-14125.159999999994,-0.10311416658833561,-0.03646852329227009,2.1293513973139104,0.7088235294117647,0.2911764705882353,0.0,2.0
13:24,1020.0,0.6892156862745098,0.7014313725490303,715.460000000011,329.8989199521334,312.44,-507.94,217.71596017069703,-480.5642271293375,0.002126200875864657,-8546.500000000011,0.03685830802710859,0.007129250995405291,2.169074593720393,0.7127450980392157,0.2872549019607843,0.0,2.0
13:25,1019.0,0.7006869479882237,7.128518155053986,7263.960000000012,325.48421019778675,322.44,-507.94,215.86577030812325,-481.5219672131148,0.021901271802777175,-6454.839999999995,0.4954801909652958,0.07805018122842598,2.1744493392070483,0.7252208047105005,0.2747791952894995,4.0,2.0
13:26,1027.0,0.6952288218111002,2.5038364167478218,2571.440000000013,326.8722070903453,312.44,-507.94,214.9540056022409,-482.1269009584665,0.007659985653218225,-8942.039999999994,0.12661294803404657,0.026251738292413118,2.1696703296703297,0.7195715676728335,0.2804284323271665,0.0,2.0
13:27,1020.0,0.6882352941176471,-0.2242941176470443,-228.7799999999852,328.6855496781303,312.44,-507.94,216.2163532763533,-478.02723270440254,-0.0006823972573990164,-9917.800000000021,-0.010156429152822501,-0.003200157702347309,2.1768467475192943,0.7147058823529412,0.2852941176470588,0.0,2.0
13:28,1020.0,0.7029411764705882,7.040078431372561,7180.880000000012,326.16337482784763,312.44,-507.94,215.20011157601118,-485.53663366336644,0.021584515536388432,-5852.960000000011,0.5401824211577465,0.077181819380612,2.132890160984209,0.7215686274509804,0.2784313725490196,0.0,3.0
13:29,1020.0,0.6931372549019608,3.479764705882366,3549.3600000000133,327.80808558637364,312.44,-507.94,216.77380480905236,-478.3058146964855,0.010615249772310723,-6677.100000000002,0.23404561246450345,0.03777173624274826,2.17086311159978,0.7176470588235294,0.2823529411764706,0.0,2.0
13:30,1021.0,0.692458374142997,0.8349853085210709,852.5200000000134,329.32353673399217,312.44,-507.94,216.15428571428575,-483.9763057324841,0.0025354559130570803,-6345.260000000001,0.05915527640595936,0.009166200039864908,2.129939125622579,0.7120470127326151,0.28795298726738494,0.0,2.0
13:31,1021.0,0.6904995102840352,-0.2662683643486652,-271.85999999998717,330.0200854075912,322.44,-507.94,216.462695035461,-483.79132911392406,-0.0008068247240764468,-5699.599999999997,-0.021000965847728283,-0.003450669538487807,2.1287610619469026,0.7110675808031341,0.2889324191968658,0.0,2.0
13:32,1017.0,0.7000983284169124,8.701160275319582,8849.080000000014,326.32623082588754,317.44,-507.94,217.77146067415734,-479.3580327868852,0.02666399281877562,-4615.579999999999,0.8441316273783186,0.09647338850264457,2.1744493392070483,0.7246804326450345,0.2753195673549656,0.0,2.0
13:33,1021.0,0.6993143976493633,7.184818805093059,7335.7000000000135,326.4240319096143,307.44,-507.94,216.7663305322129,-480.24579804560267,0.022010691930557706,-5022.219999999998,0.6431083713915061,0.07910817834281972,2.172057205720572,0.722820763956905,0.277179236043095,4.0,2.0
13:34,1015.0,0.69064039408867,0.6400394088670075,649.6400000000126,330.1642304099696,322.44,-507.94,217.4471326676177,-483.37834394904456,0.0019385486067714285,-7778.359999999997,0.036772491155770484,0.007584023364200221,2.168478857770456,0.7123152709359606,0.2876847290640394,0.0,2.0
13:35,1019.0,0.6977428851815506,2.2998429833169918,2343.5400000000145,327.51620652228706,312.44,-507.94,214.14323488045005,-486.7282467532468,0.007022073831819649,-6150.339999999992,0.16776894733482609,0.02528025828615273,2.1240618101545254,0.7163886162904809,0.28361138370951916,0.0,1.0
13:36,1016.0,0.6860236220472441,-1.6882874015747886,-1715.2999999999852,330.0222125204106,322.44,-507.94,216.81876614060258,-479.1159247648902,-0.0051156780893055025,-6891.399999999998,-0.10959000909264172,-0.01802228204870954,2.134667074770711,0.7116141732283464,0.28838582677165353,0.0,2.0
13:37,1019.0,0.6869479882237488,-0.07886162904807444,-80.35999999998785,331.52913659240386,322.44,-507.94,219.34285714285716,-481.5685266457681,-0.00023787239293248093,-6803.0999999999985,-0.005200815019065862,0.00026437667549376615,2.1756473829201104,0.7114818449460255,0.2885181550539745,0.0,2.0
13:38,1019.0,0.6938174681059862,2.6191560353287655,2668.920000000012,327.67386944276393,312.44,-507.94,215.75400282885434,-480.3498717948717,0.007993179437172862,-5636.959999999999,0.20846297770917452,0.028672669097057343,2.127584300718629,0.7173699705593719,0.2826300294406281,4.0,2.0
13:39,1016.0,0.6919291338582677,2.3905905511811167,2428.8400000000147,330.1673667172016,322.44,-507.94,218.5409957325747,-483.0846006389776,0.007240541592436451,-7609.979999999994,0.14052504242643235,0.026130419993921503,2.1678837757567977,0.7145669291338582,0.2854330708661417,4.0,2.0
13:40,1018.0,0.6915520628683693,1.1353831041257507,1155.8200000000143,330.99975482691445,322.44,-507.94,218.23119318181818,-485.60171974522297,0.0034301629761613033,-8523.340000000011,0.05970610302581602,0.012895044008392123,2.132299168975069,0.7102161100196464,0.28978388998035365,4.0,2.0
13:41,1019.0,0.6987242394504416,8.340490677134461,8498.960000000015,325.81139780076853,317.44,-507.94,217.60853932584274,-476.9977850162867,0.025599137210769448,-5717.219999999996,0.6545144134831774,0.09254103653637534,2.133481152993348,0.7252208047105005,0.2747791952894995,4.0,2.0
13:42,1012.0,0.6907114624505929,1.9498221343873636,1973.220000000012,329.1520149516841,312.44,-507.94,217.3999427753934,-479.19916932907347,0.005923773957979798,-7332.519999999999,0.11848423978401575,0.021957045762064947,2.1287610619469026,0.7164031620553359,0.283596837944664,4.0,2.0
13:43,1012.0,0.6946640316205533,6.204664031620566,6279.120000000013,326.6398697398186,322.44,-507.94,217.5808250355619,-474.6932038834952,0.01899542770624671,-8170.5800000000145,0.3383640621993161,0.06935942131900788,2.136442018585063,0.7213438735177866,0.27865612648221344,4.0,1.0
13:44,1015.0,0.6995073891625616,8.927054187192129,9060.96000000001,324.5927289503995,317.44,-507.94,216.4569014084507,-474.1752131147541,0.02750232334550001,-4966.2199999999975,0.8033163245093757,0.0994918522610694,2.1441782729805015,0.7261083743842365,0.2738916256157635,4.0,1.0
13:45,1017.0,0.6941986234021632,4.9053097345132874,4988.7000000000135,324.80604009714784,312.44,-507.94,215.00798866855527,-472.048038585209,0.01510227375404144,-7632.979999999995,0.2877607770136699,0.0539930096698804,2.1240618101545254,0.7236971484759095,0.27630285152409045,4.0,1.0
13:46,1017.0,0.6912487708947886,0.9109341199606821,926.4200000000137,327.4778901799407,312.44,-507.94,215.16688477951638,-478.7767515923567,0.002781666021666828,-9358.880000000023,0.04358352747538412,0.009507820462149942,2.1240618101545254,0.7177974434611603,0.28220255653883974,4.0,2.0
13:47,1017.0,0.6892822025565388,2.78816125860375,2835.560000000014,326.80135273024865,312.44,-507.94,216.72388017118402,-471.79708860759496,0.008531669882361778,-6984.3600000000015,0.17875185557618284,0.031010153973154264,2.1672886937431395,0.7207472959685349,0.27925270403146507,4.0,3.0
13:48,1021.0,0.6807051909892262,-3.9277571008814762,-4010.239999999987,330.3944842050208,312.44,-507.94,217.22129496402877,-475.3958282208589,-0.011888083151061846,-8589.48000000001,-0.2055615224959467,-0.04454837298144405,2.1264088397790055,0.7100881488736532,0.2899118511263467,0.0,1.0
13:49,1019.0,0.6869479882237488,-2.611835132482812,-2661.4599999999855,327.0316101855873,322.44,-507.94,213.28571428571428,-476.36821316614424,-0.00798649137005631,-8391.700000000023,-0.13963951370008448,-0.029995927119112593,2.1217199558985667,0.7163886162904809,0.28361138370951916,4.0,2.0
13:50,1015.0,0.6945812807881774,3.7080591133005063,3763.680000000014,326.5847394286647,322.44,-507.94,215.4045390070922,-477.73070967741944,0.011354048936234666,-8804.720000000007,0.18820687151778967,0.040190539561680866,2.1660998354360945,0.7201970443349753,0.2798029556650246,0.0,2.0
13:51,1019.0,0.6928361138370952,2.3661040235525146,2411.060000000012,325.5703029918564,322.44,-507.94,213.64679886685553,-474.19674121405745,0.007267567102432248,-7990.599999999995,0.13285165256148304,0.025966761620235822,2.1217199558985667,0.7203140333660452,0.27968596663395484,0.0,1.0
13:52,1013.0,0.6939782823297137,4.035241855873654,4087.7000000000116,324.1061389986716,322.44,-507.94,213.53530583214794,-471.0568387096775,0.01245037156142912,-6982.859999999999,0.2577412996020209,0.044399643897167385,2.120550964187328,0.7245804540967423,0.2754195459032576,0.0,1.0
13:53,1014.0,0.685404339250493,-2.3363313609467333,-2369.0399999999877,329.26126615483355,332.44,-507.94,215.7608633093525,-477.501065830721,-0.0070956762944842855,-8842.04,-0.11796637992360141,-0.02648831008643486,2.1264088397790055,0.7140039447731755,0.2859960552268245,4.0,1.0
13:54,1014.0,0.685404339250493,-4.612465483234702,-4677.039999999988,327.73975916607856,312.44,-507.94,212.26589928057552,-477.1217554858935,-0.014073560970969607,-10114.52000000001,-0.20359360883838545,-0.05072803963325111,2.1118258475678493,0.7140039447731755,0.2859960552268245,4.0,1.0
13:55,1014.0,0.6873767258382643,-1.381558185404329,-1400.8999999999896,327.1530397642474,322.44,-507.94,213.84315638450502,-474.60435331230286,-0.004222972179625493,-7763.599999999997,-0.07944788089989162,-0.015366401884277717,2.111824575960423,0.7169625246548323,0.28303747534516766,0.0,1.0
13:56,1014.0,0.6932938856015779,0.4821104536489265,488.8600000000115,325.8823895854737,332.44,-507.94,212.34469416785208,-478.4227009646303,0.0014794001426777826,-7965.78000000001,0.027020571447321888,0.004598273214282214,2.080355160932297,0.7189349112426036,0.28106508875739644,0.0,2.0
13:57,1016.0,0.687992125984252,-0.6754527559054955,-686.2599999999834,326.10238775860535,317.44,-507.94,213.35559370529327,-472.6240378548896,-0.0020712904328854345,-8311.020000000022,-0.03635571518239239,-0.007600064315486566,2.1141446252813636,0.719488188976378,0.28051181102362205,4.0,1.0
13:58,1013.0,0.6969397828232972,5.608548864758157,5681.460000000014,324.54271566204545,317.44,-507.94,214.5518980169972,-474.8930944625408,0.01728138884065567,-6778.2199999999975,0.3690478051037382,0.06197810231983782,2.1135639758374523,0.7265547877591313,0.2734452122408687,4.0,1.0
13:59,1016.0,0.6938976377952756,3.862834645669304,3924.640000000013,325.8163851462805,317.44,-507.94,215.28964539007094,-475.4165916398714,0.011855863675901452,-6312.500000000004,0.27373905815189553,0.04297594766581868,2.1246482435642866,0.7244094488188977,0.2755905511811024,4.0,1.0
14:00,1025.0,0.6848780487804879,-2.110673170731694,-2163.4399999999864,327.89123376050753,327.44,-507.94,215.09527065527067,-474.18055727554184,-0.006437113754231485,-6878.24,-0.13848599752605856,-0.02320846746151219,2.114725274725275,0.7190243902439024,0.2809756097560976,4.0,3.0
14:01,1020.0,0.6852941176470588,-2.803941176470574,-2860.0199999999854,328.4039618415783,322.44,-507.94,214.53298998569383,-476.0703426791277,-0.008538085718415274,-7442.099999999995,-0.1692044975631652,-0.03076368915156449,2.0792019707100513,0.7166666666666667,0.2833333333333333,4.0,1.0
14:02,1022.0,0.6917808219178082,-0.08009784735810677,-81.85999999998512,325.03506787735904,312.44,-507.94,211.86857142857144,-475.78711111111113,-0.0002464283250456193,-7231.020000000031,-0.004984372732249107,-0.0004249105840801464,2.107499461289826,0.723091976516634,0.27690802348336596,4.0,1.0
14:03,1018.0,0.6974459724950884,6.252023575638522,6364.560000000016,322.8063451447544,327.44,-507.94,213.4456338028169,-471.3696103896105,0.01936772207137056,-6020.159999999997,0.46547749140691996,0.0685828609165614,2.114725274725275,0.7328094302554028,0.26719056974459726,4.0,1.0
14:04,1018.0,0.6925343811394892,4.0776424361493255,4151.040000000014,323.0588399483486,312.44,-507.94,213.22865248226952,-467.0132907348243,0.012621980679436814,-8956.980000000027,0.20404861332868746,0.044906303495157056,2.1240618101545254,0.7288801571709234,0.27111984282907664,4.0,1.0
14:05,1022.0,0.684931506849315,-1.5225048923678919,-1555.9999999999854,325.7637496548902,322.44,-507.94,213.13857142857142,-468.1770186335404,-0.004673647371694405,-11155.300000000007,-0.06141389926280011,-0.01689176579279534,2.0740263246337527,0.7201565557729941,0.27984344422700586,4.0,1.0
14:06,1024.0,0.6904296875,3.5383789062500126,3623.300000000013,322.2486817834209,322.44,-507.94,212.32260254596892,-462.1097160883282,0.010980274261069314,-9629.160000000027,0.1656739492352495,0.039256346246259954,2.0626136361572316,0.7294921875,0.2705078125,4.0,1.0
14:07,1020.0,0.6901960784313725,4.064627450980405,4145.920000000013,323.94669240611495,327.44,-507.94,214.62323863636365,-465.02797468354436,0.01254721084135903,-7851.560000000007,0.2324894755112357,0.044516062847831765,2.110090256245018,0.7294117647058823,0.27058823529411763,4.0,1.0
14:08,1022.0,0.6868884540117417,3.7260665362035366,3808.0400000000145,324.83272963436355,327.44,-507.94,216.3117948717949,-462.6338750000001,0.011470723841152497,-10509.040000000028,0.15954264597440931,0.041440423510826316,2.126996570248817,0.7279843444227005,0.2720156555772994,4.0,2.0
14:09,1016.0,0.6929133858267716,6.255590551181117,6355.680000000015,322.3653998806975,342.44,-507.94,214.17295454545456,-462.8912820512821,0.019405279082358763,-9265.020000000011,0.3020327213389799,0.06952737299362502,2.1205516079052305,0.7322834645669292,0.2677165354330709,4.0,1.0
14:10,1016.0,0.6909448818897638,1.7292519685039558,1756.9200000000192,321.0475168861305,327.44,-507.94,209.79042735042736,-463.42662420382163,0.005386280464886102,-10401.52000000002,0.07436926890271489,0.01875134170692631,2.069445368809446,0.7303149606299213,0.26968503937007876,4.0,1.0
14:11,1012.0,0.691699604743083,4.111581027668002,4160.920000000018,321.80902447400126,327.44,-507.94,212.3657142857143,-463.1252564102564,0.012776462793075505,-9268.520000000008,0.19765932521334836,0.04544744392084126,2.0844051196438507,0.7312252964426877,0.26877470355731226,4.0,1.0
14:12,1014.0,0.6863905325443787,0.43556213017752987,441.6600000000153,323.3680015897547,322.44,-507.94,212.51902298850572,-463.74710691823907,0.0013469549492720425,-7893.140000000002,0.02463636309091658,0.004457873483631414,2.0792019707100513,0.7287968441814595,0.27120315581854043,4.0,1.0
14:13,1016.0,0.6909448818897638,3.3436614173228483,3397.160000000014,323.69778032901394,317.44,-507.94,213.46991452991455,-466.42904458598724,0.010329577836228203,-5174.079999999991,0.2890820969642069,0.0371385007846519,2.078049419020008,0.7283464566929134,0.27165354330708663,4.0,1.0
14:14,1016.0,0.6958661417322834,8.038444881889777,8167.060000000013,322.6528150810817,312.44,-507.94,215.23349363507782,-466.02919093851136,0.02491360529388141,-5616.799999999999,0.6401991896102157,0.0893845842899192,2.084983314794216,0.7332677165354331,0.26673228346456695,4.0,2.0
14:15,1014.0,0.6923076923076923,4.950118343195283,5019.420000000016,323.2176310721908,317.44,-507.94,214.0454131054131,-465.51429487179485,0.015315124755956372,-7895.340000000002,0.27991168832964214,0.055370349186499974,2.1182174825412057,0.7307692307692307,0.2692307692307692,4.0,2.0
14:16,1024.0,0.6904296875,2.316054687500017,2371.6400000000176,326.485917654419,332.44,-507.94,215.28016973125887,-472.6543848580442,0.007093888471941785,-7880.620000000009,0.13250330591423087,0.025030086848275544,2.117051705170517,0.72265625,0.27734375,4.0,2.0
14:17,1024.0,0.689453125,1.675800781250015,1716.0200000000154,325.45263562300767,317.44,-507.94,214.0419830028329,-469.80383647798743,0.005149138761903286,-7912.820000000008,0.09548373362530067,0.018944653677650535,2.078049419020008,0.7236328125,0.2763671875,4.0,2.0
14:18,1022.0,0.6898238747553816,2.1298043052837734,2176.660000000016,323.70657162707585,327.44,-507.94,212.80737588652485,-466.41179810725544,0.006579428692406656,-7367.4600000000055,0.13008018433563406,0.02447893280743434,2.069445368809446,0.7270058708414873,0.27299412915851273,4.0,1.0
14:19,1022.0,0.684931506849315,4.154031311154611,4245.420000000013,324.6495310083298,322.44,-507.94,216.91571428571427,-458.3713664596274,0.012795432965058025,-8101.160000000005,0.23073410130587554,0.046219634782627854,2.118800050429255,0.7289628180039139,0.2710371819960861,4.0,1.0
14:20,1020.0,0.6911764705882353,6.8098627450980525,6946.060000000013,322.97606167469706,322.44,-507.94,215.7662411347518,-460.8544126984127,0.02108472903467681,-7150.8600000000215,0.4276796528074645,0.07529202474654799,2.110666459758832,0.7323529411764705,0.2676470588235294,4.0,1.0
14:21,1024.0,0.6943359375,9.092500000000014,9310.720000000014,320.23502428205853,327.44,-507.94,214.22340365682138,-456.8757827476038,0.02839320908256264,-8120.939999999993,0.5047952951235583,0.10084057275491873,2.0721063912615776,0.73828125,0.26171875,4.0,1.0
14:22,1022.0,0.6966731898238747,9.252054794520562,9455.600000000015,319.6501914394118,317.44,-507.94,213.1689325842697,-459.09896774193544,0.028944311757980744,-6553.960000000001,0.6352192334904618,0.1018889526128792,2.1158878504672898,0.7397260273972602,0.2602739726027397,4.0,1.0
14:23,1020.0,0.7,7.874098039215702,8031.580000000016,320.3970216091374,322.44,-507.94,211.53103641456582,-467.32542483660137,0.024576065032282247,-6917.340000000022,0.5112110126157213,0.08690871461500359,2.0660238548661924,0.7362745098039216,0.26372549019607844,4.0,1.0
14:24,1024.0,0.6923828125,8.000566406250016,8192.580000000016,322.22933394102057,322.44,-507.94,215.50911142454163,-459.05834920634925,0.024828796026727985,-7478.360000000005,0.4823393092043157,0.08816302329965237,2.1264088397790055,0.7353515625,0.2646484375,4.0,1.0
14:25,1022.0,0.6947162426614482,6.66236790606655,6808.940000000014,321.4443661274118,312.44,-507.94,212.696338028169,-462.19698717948717,0.02072634834553538,-7813.5400000000045,0.38368074203120156,0.0731308449567778,2.1026026063667547,0.7328767123287672,0.2671232876712329,4.0,1.0
14:26,1026.0,0.6929824561403509,8.257153996101374,8471.840000000011,320.76611171608096,312.44,-507.94,214.15589310829816,-456.48571428571427,0.02574197739258071,-7173.139999999996,0.5200041047110575,0.0911345995727697,2.1095096130737803,0.7368421052631579,0.2631578947368421,4.0,3.0
14:27,1026.0,0.6949317738791423,7.208791423001963,7396.220000000014,319.5639431357817,322.44,-507.94,211.44981767180926,-458.04313099041536,0.02255821277039059,-7154.359999999999,0.455173914345709,0.07991089975036839,2.078049419020008,0.7378167641325536,0.2621832358674464,4.0,3.0
14:28,1024.0,0.697265625,9.552460937500012,9781.720000000012,319.94840937406696,322.44,-507.94,213.16128851540617,-459.4046451612903,0.02985625387601716,-5877.92000000002,0.7327062397986677,0.10595559268480303,2.1193839025669714,0.73828125,0.26171875,4.0,1.0
14:29,5130.0,0.6978557504873294,14.505730994152055,74414.40000000004,317.83090434839966,327.44,-507.94,215.54893854748605,-449.8392258064516,0.04563977509956418,-24970.019999999968,1.3121286796221348,0.16178573859661988,2.1281726813327655,0.7446393762183235,0.2553606237816764,4.0,2.0
14:30,1026.0,0.6929824561403509,7.338791423001962,7529.600000000013,320.1600779331297,322.44,-507.94,212.94210970464135,-456.73726984126984,0.022922256486128105,-5021.320000000019,0.6602255701832127,0.08204395347992972,2.1077771929429936,0.7387914230019493,0.26120857699805067,4.0,2.0
14:31,1020.0,0.6911764705882353,7.166254901960797,7309.580000000013,320.7320533676094,317.44,-507.94,213.73503546099292,-455.1543492063492,0.022343432241077387,-6193.940000000017,0.5195935645305014,0.07913210188491543,2.103756920273076,0.7362745098039216,0.26372549019607844,4.0,0.0
14:32,1014.0,0.6923076923076923,6.295936883629204,6384.080000000013,320.5646711609147,327.44,-507.94,212.7220512820513,-458.1628205128205,0.019640145811541457,-6329.419999999998,0.44409178499992735,0.0692750645708381,2.0677330391616104,0.73767258382643,0.26232741617357,4.0,2.0
14:33,1018.0,0.6895874263261297,4.53039292730846,4611.940000000012,321.8695224974345,320.44,-514.56,213.2405698005698,-459.1232278481013,0.01407524667808388,-5191.419999999997,0.3911432289555965,0.05047343572665038,2.076322507615428,0.7337917485265226,0.26620825147347743,4.0,2.0
14:34,1020.0,0.6980392156862745,10.006960784313739,10207.100000000013,319.8232387058034,322.44,-507.94,213.26724719101128,-459.8674675324675,0.031289035858707154,-4168.339999999983,1.0781459791803158,0.11163596367887678,2.080355160932297,0.7401960784313726,0.25980392156862747,4.0,2.0
14:35,1016.0,0.6968503937007874,7.722775590551196,7846.340000000015,319.7561417267742,317.44,-507.94,211.47389830508476,-460.64019480519477,0.024152078983834396,-4357.779999999999,0.7927571281757501,0.08619343558103829,2.073451327433628,0.7391732283464567,0.2608267716535433,4.0,2.0
14:36,1018.0,0.6974459724950884,7.6567387033398955,7794.560000000014,322.7744131513892,317.44,-507.94,213.60760563380282,-467.10012987012993,0.023721640846880557,-5688.380000000024,0.6033111303096191,0.08513278237782396,2.069445368809446,0.7328094302554028,0.26719056974459726,4.0,3.0
14:37,1024.0,0.701171875,11.798593750000014,12081.760000000015,317.5811566728737,317.44,-519.56,211.8494707520891,-457.60183006535937,0.03715142886186167,-6101.139999999977,0.8718816704915082,0.13094573887973493,2.071160220994475,0.74609375,0.25390625,4.0,0.0
14:38,8192.0,0.70703125,13.79785156250002,113032.00000000016,318.0733482035705,327.44,-519.56,211.83917127071823,-464.14186666666666,0.04337946464369985,-45078.71999999933,1.1039977039624047,0.1522373451372074,2.063353280573857,0.744140625,0.255859375,4.0,0.0
14:39,1020.0,0.6990196078431372,10.924000000000014,11142.480000000014,320.0478477177031,332.44,-514.56,213.56201963534363,-459.69785016286653,0.03413239638354164,-4783.879999999982,1.0255100480036985,0.12149552952034336,2.0728782341977428,0.7411764705882353,0.25882352941176473,4.0,1.0
14:40,1020.0,0.7049019607843138,14.025254901960796,14305.760000000013,316.78092683262963,332.44,-529.56,211.5373574408901,-457.7727574750831,0.04427430351376869,-4320.1799999999985,1.457966102147345,0.1546821922204824,2.0597802197802197,0.7470588235294118,0.2529411764705882,4.0,0.0
14:41,1020.0,0.6950980392156862,8.819941176470603,8996.340000000015,321.4564454972305,322.44,-539.56,214.3666572637518,-459.7736977491961,0.027437437637400218,-5788.3200000000015,0.6843080702629052,0.09753595620617184,2.0603464045575093,0.7382352941176471,0.26176470588235295,4.0,3.0
14:42,1022.0,0.6927592954990215,8.162407045009799,8341.980000000014,320.27199341771336,327.44,-514.56,213.72389830508476,-455.33292993630573,0.02548585955926535,-6075.040000000013,0.6045863481544413,0.09082049453224295,2.071732680978166,0.7407045009784736,0.25929549902152643,4.0,3.0
14:43,1020.0,0.6990196078431372,7.24188235294119,7386.720000000014,319.73000105843397,332.44,-549.56,210.53256661991585,-464.8957654723127,0.022649993209794727,-4891.699999999998,0.6648599250846942,0.08036435873068443,2.058649093904448,0.7392156862745098,0.2607843137254902,4.0,3.0
14:44,1018.0,0.7072691552062869,17.222907662082527,17532.920000000013,315.5047930805921,332.44,-544.56,212.8913888888889,-455.5331543624161,0.0545884184323093,-3818.2399999999925,2.0217588929749537,0.19073415313244801,2.0614793969776306,0.7544204322200393,0.2455795677799607,4.0,1.0
14:45,73440.0,0.6911764705882353,3.860000000000005,283478.4000000004,321.22866820864914,322.44,-534.56,211.20312056737586,-460.1936507936508,0.0120163621183798,-511153.2000000848,0.24417838827100072,0.04270858984116651,2.0254234144183063,0.7352941176470589,0.2647058823529412,4.0,3.0
14:46,1022.0,0.6888454011741683,1.4819569471624399,1514.5600000000136,323.178501309424,322.44,-554.56,211.44426136363637,-463.3402515723271,0.004585567855404945,-8256.720000000008,0.08076389575296006,0.016822672862639013,2.0103581267217634,0.7318982387475538,0.26810176125244617,4.0,1.0
14:47,1016.0,0.6909448818897638,3.3181102362204866,3371.2000000000144,320.37399955444874,347.44,-529.56,209.84740740740742,-458.4129936305732,0.01035698977081491,-8199.100000000024,0.18103254999934626,0.037139344933889186,2.002634467618002,0.7362204724409449,0.2637795275590551,4.0,3.0
14:48,1012.0,0.6956521739130435,6.7089723320158265,6789.480000000017,316.1191378691469,337.44,-507.94,207.47693181818184,-452.1892207792209,0.021222923664915575,-6801.179999999998,0.43953207992066756,0.07480733935782025,1.9971538040503556,0.7430830039525692,0.25691699604743085,4.0,2.0
14:49,1012.0,0.6887351778656127,4.759090909090921,4816.200000000013,320.3913644266536,327.44,-507.94,211.79294117647058,-453.3443809523809,0.014853992452659904,-7154.400000000003,0.29639415129758334,0.05167515555009495,2.0004391977697455,0.7371541501976284,0.2628458498023715,4.0,2.0
14:50,1012.0,0.6867588932806324,3.219565217391319,3258.200000000015,320.1270472880257,327.44,-507.94,210.7608633093525,-451.8,0.010057148387385716,-7893.380000000014,0.18174106233150467,0.03546976478066832,1.99824813490189,0.7371541501976284,0.2628458498023715,4.0,2.0
14:51,1012.0,0.6907114624505929,5.431027667984203,5496.2000000000135,319.76914027952273,332.44,-507.94,210.64314735336194,-452.8541853035143,0.01698421449686086,-7054.540000000002,0.34303004586190244,0.06119061396613596,2.0086981978814866,0.7371541501976284,0.2628458498023715,4.0,2.0
14:52,1012.0,0.6897233201581028,3.2661067193676034,3305.3000000000147,321.99863164932253,337.44,-507.94,211.20934097421204,-458.9771337579618,0.010143231673495453,-6911.300000000016,0.21056659417069448,0.037043728236306535,2.0552637756520564,0.7322134387351779,0.26778656126482214,4.0,2.0
14:53,1012.0,0.6986166007905138,8.997509881422939,9105.480000000014,317.65483634183806,327.44,-507.94,209.54608203677512,-455.88065573770496,0.02832480054464036,-7026.18000000001,0.570587045291554,0.0993649427955412,2.0125758411472696,0.7430830039525692,0.25691699604743085,4.0,2.0
14:54,1014.0,0.6942800788954635,9.891262327416186,10029.740000000013,317.19276931109584,332.44,-507.94,211.38034090909093,-447.68393548387104,0.031183757274476354,-6073.119999999986,0.7271368364487641,0.10961823147014388,2.0042846884033043,0.7445759368836292,0.25542406311637084,4.0,2.0
14:55,1018.0,0.68762278978389,4.797249508840877,4883.600000000013,317.27866320471986,342.44,-507.94,208.88285714285715,-444.44779874213845,0.015119987774738938,-8141.440000000031,0.2641053460701406,0.054471961182642886,1.9612049024368639,0.7406679764243614,0.2593320235756385,4.0,2.0
14:56,1014.0,0.6972386587771203,8.154437869822502,8268.600000000017,317.5810458707772,342.44,-507.94,208.97041018387554,-454.311009771987,0.025676714576790327,-5375.360000000008,0.6772714394168646,0.09047647148037988,1.998247535596933,0.7416173570019724,0.2583826429980276,4.0,2.0
14:57,1024.0,0.6923828125,5.544414062500016,5677.480000000016,318.9816508425538,337.44,-507.94,209.69669957686887,-453.960253968254,0.017381608151613347,-7344.200000000008,0.34036857129144815,0.06175255150540315,2.0136865342163355,0.740234375,0.259765625,4.0,2.0
14:58,1016.0,0.6919291338582677,5.615629921259854,5705.480000000012,318.8293999296556,332.44,-507.94,209.93075391180656,-453.27744408945694,0.017613275069673154,-8388.56000000003,0.2994629551950079,0.06289851497186276,2.0020851987020345,0.7421259842519685,0.2578740157480315,4.0,2.0
14:59,72278.0,0.6846758349705304,1.5507858546169024,112087.70000000048,320.03277990595035,332.44,-507.94,209.99523672883785,-451.0528971962616,0.004845709414743826,-705686.3399999929,0.06993338994997149,0.0176803731029705,1.9688224452786147,0.7357563850687623,0.2642436149312377,4.0,2.0
15:00,1012.0,0.6808300395256917,0.6419762845849958,649.6800000000158,322.5864659220694,337.44,-507.94,212.71576197387517,-451.73832817337467,0.0019900905723059218,-9437.819999999998,0.030308618503702905,0.007067949718164147,2.003734816226584,0.733201581027668,0.26679841897233203,4.0,2.0
15:01,1018.0,0.6758349705304518,-4.872966601178768,-4960.679999999986,319.83918168425384,332.44,-507.94,207.16093023255814,-446.9315151515152,-0.01523567742863154,-11714.820000000014,-0.1864420745506706,-0.05435018683790432,1.9742990104623825,0.7347740667976425,0.26522593320235754,4.0,0.0
15:02,1016.0,0.6791338582677166,-2.9733661417322703,-3020.939999999987,320.85984897862954,332.44,-508.56,208.44724637681156,-450.4587116564417,-0.009266868856284688,-9365.42000000001,-0.14202119910568242,-0.03314554805554997,2.0009872631386476,0.7332677165354331,0.26673228346456695,4.0,2.0
15:03,1018.0,0.6797642436149313,2.5365618860510932,2582.220000000013,320.1821503674585,337.44,-507.94,212.40387283236993,-442.9486503067485,0.00792224639362312,-8975.660000000002,0.12666749483680098,0.02782623795280399,2.002634467618002,0.7396856581532416,0.26031434184675833,4.0,2.0
15:04,1018.0,0.6846758349705304,2.685500982318284,2733.840000000013,319.4966045044403,342.44,-507.94,210.17170731707316,-447.837507788162,0.008405413217094022,-9058.82,0.13287393518360108,0.030516132904954956,1.9162354446255034,0.7387033398821218,0.26129666011787817,4.0,0.0
15:05,1018.0,0.6895874263261297,6.763143418467594,6884.880000000011,317.58598596251807,337.44,-507.94,210.49555555555557,-445.8322784810127,0.02129547183251905,-7185.100000000004,0.421892584672822,0.07638094130290926,1.9911633239528892,0.7465618860510805,0.25343811394891946,4.0,2.0
15:06,1014.0,0.6794871794871795,1.2736291913215125,1291.4600000000137,318.900190482659,332.44,-507.94,210.1453701015965,-441.5344615384616,0.0039938175935042885,-7187.039999999996,0.07911689439328905,0.013496986015570343,1.9584994927426103,0.7386587771203156,0.2613412228796844,4.0,2.0
15:07,1020.0,0.6833333333333333,3.893843137254915,3971.7200000000134,319.1595256665307,332.44,-507.94,211.52321377331418,-444.14848297213626,0.012200303685509738,-7687.199999999999,0.2274829111379179,0.042739690835342625,1.968277518952998,0.7392156862745098,0.2607843137254902,4.0,2.0
15:08,1020.0,0.6823529411764706,1.572647058823543,1604.100000000014,317.04766162790446,337.44,-507.94,207.5333908045977,-440.8615432098766,0.004960285941705645,-9806.94,0.07201720370038203,0.017429985681189898,1.9064676616915424,0.7401960784313726,0.25980392156862747,4.0,2.0
15:09,1014.0,0.6913214990138067,7.372287968441827,7475.500000000013,315.1940145265738,337.44,-507.94,208.1118972895863,-442.20747603833865,0.02338968263567795,-7642.30000000003,0.43067979506545173,0.08139560102885354,1.9331947135023184,0.7465483234714004,0.2534516765285996,4.0,2.0
15:10,1014.0,0.7001972386587771,8.694063116370822,8815.780000000013,311.54676364150936,332.44,-507.94,203.56535211267604,-446.43296052631575,0.027906125599734703,-5108.059999999998,0.7598766295157184,0.09660182412786746,1.9117522504044506,0.752465483234714,0.24753451676528598,4.0,2.0
15:11,1020.0,0.6862745098039216,3.9070000000000134,3985.1400000000135,314.9149786034207,337.44,-507.94,206.5157142857143,-439.2995625,0.012406523237880608,-5867.239999999998,0.29905293113325004,0.042984701316692964,1.8980737479361587,0.7480392156862745,0.2519607843137255,4.0,0.0
15:12,1020.0,0.692156862745098,9.1309411764706,9313.560000000012,310.434763577132,347.44,-507.94,205.4045892351275,-432.1722292993631,0.02941339774983637,-4971.25999999999,0.8248739205304347,0.10114248372257617,1.9133427269755736,0.7568627450980392,0.24313725490196078,4.0,2.0
15:13,1020.0,0.6980392156862745,8.904705882352955,9082.800000000014,309.81488161937614,332.44,-507.94,202.19842696629217,-437.9301298701299,0.02874202115730791,-5450.620000000003,0.7336892903749487,0.0989216543651216,1.9371184811021198,0.7549019607843137,0.24509803921568626,4.0,2.0
15:14,1016.0,0.7007874015748031,14.907933070866155,15146.460000000014,308.7356559850381,342.44,-507.94,205.93859550561803,-432.5059868421053,0.0482870468048194,-4173.6799999999475,1.5978291058223222,0.16584378357578336,1.9514998155394414,0.7627952755905512,0.2372047244094488,4.0,0.0
15:15,1016.0,0.6889763779527559,4.253838582677181,4321.900000000016,312.48539935566976,347.44,-507.94,203.73714285714286,-437.63955696202527,0.013612919488233361,-6691.880000000081,0.28435764142666,0.04631969858744125,1.896509401440607,0.7509842519685039,0.24901574803149606,4.0,2.0
15:16,1020.0,0.6862745098039216,3.6111960784313863,3683.420000000014,310.9653662216152,352.44,-507.94,202.5157142857143,-431.49243750000005,0.011612856191379849,-5968.740000000009,0.2717108083254494,0.04100296781543292,1.883560895685418,0.753921568627451,0.246078431372549,4.0,0.0
15:17,1016.0,0.6889763779527559,5.365334645669307,5451.180000000016,309.9193417437559,352.44,-507.94,202.40428571428572,-431.1133544303798,0.017312035497627682,-5416.500000000024,0.443108528791699,0.059307878900165784,1.8954659304411916,0.7568897637795275,0.24311023622047245,4.0,0.0
15:18,1020.0,0.6803921568627451,3.7125490196078585,3786.8000000000156,311.00130373331234,352.44,-507.94,204.5567146974063,-423.8514110429448,0.011937406612261078,-6118.599999999989,0.27249506409237717,0.04097536208393907,1.879967433194964,0.7549019607843137,0.24509803921568626,4.0,0.0
15:19,1020.0,0.6754901960784314,-0.48698039215684963,-496.7199999999866,312.07446633908376,347.44,-507.94,203.82316400580552,-425.7730513595166,-0.0015604621482480474,-7961.719999999987,-0.02746901462702824,-0.00574281338331724,1.855806214448787,0.7509803921568627,0.24901960784313726,4.0,0.0
15:20,1018.0,0.6768172888015717,1.5333202357563995,1560.9200000000146,310.794255192319,347.44,-507.94,203.64754716981133,-421.73933130699083,0.0049335539835109994,-7663.039999999988,0.08968460230052763,0.01683411245009783,1.8511885019347707,0.7544204322200393,0.2455795677799607,4.0,0.0
15:21,71994.0,0.6844181459566075,2.3361143984220982,168186.22000000055,307.3854988508496,347.44,-507.94,199.34922190201726,-424.9360625,0.007599949923322941,-430290.61999999284,0.17209445008037685,0.026121744067525744,1.8471048090519897,0.7603550295857988,0.23964497041420119,4.0,0.0
15:22,1014.0,0.6775147928994083,-2.8881656804733606,-2928.5999999999876,310.5297765763549,357.44,-507.94,199.50986899563316,-428.10972477064223,-0.00930076887413469,-7576.419999999991,-0.17019012219453264,-0.03207006373394185,1.788002743005578,0.7514792899408284,0.2485207100591716,4.0,0.0
15:23,1014.0,0.6765285996055227,-1.052485207100581,-1067.219999999989,312.1660966417307,347.44,-507.94,202.94291545189503,-427.7014024390244,-0.0033715551381881988,-7142.159999999989,-0.06579042838344536,-0.01096568838824842,1.8319474835886214,0.752465483234714,0.24753451676528598,4.0,3.0
15:24,1022.0,0.6692759295499021,-5.291467710371807,-5407.8799999999865,314.8982802615056,357.44,-507.94,203.77040935672514,-428.3634319526627,-0.016803736450950242,-10702.100000000008,-0.22248276605667966,-0.05861364137588949,1.830446707386883,0.7436399217221135,0.2563600782778865,4.0,0.0
15:25,1024.0,0.671875,-5.085195312499986,-5207.239999999985,313.5788636191249,357.44,-507.94,201.73360465116278,-428.5713095238095,-0.016216639265191356,-9224.179999999997,-0.24855251352923227,-0.05590340502694945,1.7884955768304103,0.74609375,0.25390625,4.0,0.0
15:26,1026.0,0.6773879142300195,2.9424561403508904,3018.9600000000137,310.6161227361195,352.44,-507.94,204.86589928057552,-421.0357703927493,0.009472966549294744,-7524.099999999998,0.1766611827737013,0.032469419797217375,1.8410115448048376,0.7602339181286549,0.23976608187134502,4.0,0.0
15:27,1026.0,0.6803118908382066,-1.1307797270955022,-1160.1799999999853,308.7708525602863,347.44,-507.94,198.66206303724928,-426.2996951219512,-0.00366219712035391,-6923.919999999991,-0.07377541600823151,-0.012458929701111593,1.7939265547058896,0.7573099415204678,0.24269005847953215,4.0,0.0
15:28,1022.0,0.678082191780822,0.7023679060665498,717.8200000000138,308.7575003160886,352.44,-507.94,200.23653679653677,-419.593009118541,0.0022748205479948013,-6378.919999999998,0.049545787184428695,0.008027899291763873,1.786527492771267,0.7583170254403131,0.24168297455968688,4.0,0.0
15:29,1022.0,0.6722113502935421,-6.851996086105663,-7002.739999999987,312.4551213253462,347.44,-507.94,198.65688500727802,-428.29856716417913,-0.021929536814891796,-10774.680000000071,-0.28615540612272794,-0.07530181300636694,1.7310610225398573,0.7465753424657534,0.2534246575342466,4.0,0.0
15:30,1020.0,0.6735294117647059,-4.1184509803921445,-4200.819999999987,309.32053145299557,357.44,-507.94,197.96838427947597,-421.0363363363364,-0.01331450893688247,-7570.659999999996,-0.24430854908198213,-0.045870690528565544,1.7704632152588555,0.7558823529411764,0.24411764705882352,4.0,0.0
15:31,1022.0,0.6829745596868885,1.962778864970658,2005.9600000000123,308.6715935700743,357.44,-507.94,199.3339828080229,-423.23814814814824,0.0063587933125601,-7237.599999999993,0.12202983534718856,0.021396812272358737,1.7686092638198603,0.761252446183953,0.23874755381604695,4.0,0.0
15:32,1022.0,0.675146771037182,0.32677103718200945,333.9600000000137,307.4398767508794,357.44,-507.94,199.20231884057966,-412.99891566265063,0.0010628778564297768,-7744.14000000001,0.01898714166231711,0.0027242129549939335,1.737275733372798,0.761252446183953,0.23874755381604695,4.0,0.0
15:33,1026.0,0.6812865497076024,1.4296881091618063,1466.8600000000133,305.8198132510028,352.44,-579.56,196.750443490701,-416.09082568807344,0.004674936178802725,-8586.780000000013,0.07521364981197301,0.01564295028072068,1.7694989106753811,0.7651072124756335,0.23489278752436646,4.0,1.0
15:34,1024.0,0.6689453125,-5.299589843749983,-5426.7799999999825,304.85001681952684,362.44,-507.94,194.41080291970803,-408.84418879056045,-0.01738425307972797,-8956.380000000016,-0.266776787303328,-0.058114209255788474,1.7155101750053428,0.7626953125,0.2373046875,4.0,0.0
15:35,1022.0,0.6731898238747553,-0.9343052837573236,-954.8599999999847,302.6323364514593,357.44,-507.94,195.0824418604651,-404.7053293413174,-0.0030872619056925583,-9468.260000000006,-0.04440254462310811,-0.010192132385922686,1.7178396072013091,0.7720156555772995,0.22798434442270057,4.0,0.0
15:36,1024.0,0.6708984375,1.2820117187500173,1312.7800000000177,303.5336461210237,357.44,-507.94,198.28279475982532,-400.31899109792283,0.004223623097911388,-7969.420000000001,0.07252764403633831,0.014939050756742433,1.6858171042525818,0.7744140625,0.2255859375,4.0,0.0
15:37,1022.0,0.6741682974559687,-0.029217221135016576,-29.85999999998694,303.91238021019836,352.44,-507.94,196.30937590711176,-406.2673273273274,-9.613698894006469e-05,-8768.139999999996,-0.001499410893539691,0.000397081167739411,1.710839572066221,0.7720156555772995,0.22798434442270057,4.0,0.0
15:38,1018.0,0.674852652259332,2.1951473477406798,2234.660000000012,299.93488960241694,357.44,-507.94,194.3046288209607,-396.53359516616314,0.007318746247395524,-7165.8799999999965,0.13730307320248833,0.02554828318010765,1.6614713896457765,0.7770137524557956,0.22298624754420432,4.0,0.0
15:39,73440.0,0.6735294117647059,1.0452549019607924,76763.5200000006,302.59697722493524,377.44,-507.94,195.78497816593887,-400.71507507507505,0.0034542807120766547,-644721.120000001,0.052422933276530484,0.012422878729465273,1.6696604600219058,0.7764705882352941,0.2235294117647059,4.0,0.0
15:40,1024.0,0.6640625,-4.574570312499987,-4684.359999999987,301.6837582995007,352.44,-507.94,192.63117647058826,-394.39988372093023,-0.015163462356360994,-9979.61999999999,-0.20666864546423255,-0.049150525649640994,1.6078521683159632,0.771484375,0.228515625,4.0,0.0
15:41,1028.0,0.6750972762645915,3.8171206225681065,3924.0000000000136,294.8868228748712,347.44,-512.56,191.68927953890488,-386.5519760479042,0.012944358060339028,-8324.660000000005,0.20753952945830417,0.043337042269649885,1.6341370054848872,0.791828793774319,0.20817120622568094,4.0,0.0
15:42,1022.0,0.6653620352250489,-2.6003326810175973,-2657.5399999999845,295.25084234108687,357.44,-507.94,188.90764705882356,-383.376432748538,-0.00880719817901003,-10174.299999999985,-0.11500417446465357,-0.0268383368202029,1.5853910882743152,0.7857142857142857,0.21428571428571427,4.0,0.0
15:43,1022.0,0.6643835616438356,-1.176751467710356,-1202.639999999984,295.5477950327025,352.44,-507.94,191.460618556701,-382.5201166180758,-0.003981594474694518,-9760.779999999995,-0.054248714837153975,-0.01234198159464989,1.5809222713007198,0.7906066536203522,0.20939334637964774,4.0,0.0
15:44,1018.0,0.6532416502946955,-4.09455795677798,-4168.259999999984,295.04015528022427,372.44,-507.94,192.04902255639098,-373.60016997167133,-0.0138779684171771,-7958.02000000001,-0.23061529550016852,-0.0451099108456052,1.5233039065566247,0.7927308447937131,0.20726915520628683,4.0,0.0
15:45,1018.0,0.6385068762278978,-7.450058939096251,-7584.1599999999835,299.52781077149064,367.44,-543.56,197.22000000000003,-368.9596739130435,-0.02487267849989359,-8278.360000000084,-0.403368065110541,-0.08162978737844549,1.5453224226053335,0.787819253438114,0.21218074656188604,4.0,0.0
15:46,1018.0,0.6385068762278978,-11.488231827111967,-11695.019999999982,297.83004464036054,367.44,-508.56,193.16461538461542,-372.96744565217386,-0.03857311253129072,-12998.860000000108,-0.3961266273944922,-0.12619115723121288,1.5462064116047802,0.7907662082514735,0.20923379174852652,4.0,0.0
15:47,1022.0,0.6536203522504892,-6.112035225048909,-6246.4999999999845,294.7262774011858,372.44,-548.56,189.5343113772455,-375.2977966101694,-0.020738005714804705,-8517.220000000092,-0.32290681650319963,-0.06727032820857824,1.4979840960981508,0.7935420743639922,0.20645792563600782,4.0,0.0
15:48,1024.0,0.638671875,-12.872441406249983,-13181.379999999983,294.168826575047,362.44,-507.94,187.37272171253824,-366.81929729729734,-0.04375868631670265,-13935.8999999999,-0.41645127197106424,-0.14140093394671038,1.4490170518138126,0.7919921875,0.2080078125,4.0,0.0
15:49,1026.0,0.6403508771929824,-9.8883625730994,-10145.459999999985,292.1011625241337,362.44,-507.94,188.246697108067,-362.66542005420047,-0.03385252728079236,-11069.980000000098,-0.403518304978131,-0.10901653106637947,1.4528965307802588,0.8001949317738791,0.19980506822612085,4.0,0.0
15:50,1024.0,0.6337890625,-14.205957031249987,-14546.899999999987,298.9094475094797,382.44,-507.94,192.04862865947612,-371.16389333333336,-0.047525955267102946,-15661.100000000017,-0.4089653604481077,-0.1567962712091603,1.4100540943393431,0.7880859375,0.2119140625,4.0,0.0
15:51,1016.0,0.6614173228346457,8.826830708661433,8968.060000000016,278.1545128607885,377.44,-507.94,185.83285714285716,-336.95238372093024,0.0317335520386797,-4834.659999999997,0.8167156950128184,0.09693195652785594,1.4318051039095396,0.8316929133858267,0.16830708661417323,4.0,0.0
15:52,1026.0,0.6569200779727096,8.063508771929838,8273.160000000014,267.52856798511135,362.44,-519.56,177.98747774480714,-317.30227272727274,0.03014073910932231,-5460.95999999999,0.667022927237812,0.08896319391698082,1.391646295364406,0.847953216374269,0.15204678362573099,4.0,0.0
15:53,1018.0,0.6571709233791748,3.2278192534381267,3285.920000000013,265.87081245853886,362.44,-533.56,172.11862481315396,-320.51988538681945,0.01214055511994754,-5885.899999999981,0.245800317993294,0.035888345650434306,1.2500403033161422,0.8526522593320236,0.14734774066797643,4.0,0.0
15:54,1022.0,0.6418786692759295,-4.166653620352236,-4258.319999999985,267.5543763506098,392.44,-583.56,170.21896341463417,-316.72666666666663,-0.015573109575648099,-8587.699999999993,-0.21832313736566497,-0.045711003789461795,1.170610745144217,0.8532289628180039,0.14677103718199608,4.0,0.0
15:55,1020.0,0.6509803921568628,4.3957647058823675,4483.680000000015,252.98379703068406,382.44,-604.56,163.05295180722894,-291.52662921348315,0.01737567685154639,-5883.819999999989,0.3355162546948142,0.05014857309580796,1.063465290632437,0.8784313725490196,0.12156862745098039,4.0,0.0
15:56,1018.0,0.6218074656188605,-3.176051080550087,-3233.2199999999884,241.07995287945292,392.44,-756.56,153.2836018957346,-260.42010389610385,-0.013174264564993531,-6394.77999999999,-0.22261169809448464,-0.03491804369343854,0.8401410978751752,0.8988212180746562,0.10117878192534381,2.0,3.0
15:57,1018.0,0.5952848722986247,-6.310275049115905,-6423.8599999999915,220.93689567281604,407.44,-606.56,141.25848184818483,-223.36529126213588,-0.02856143619606545,-7065.900000000122,-0.40028278667121187,-0.06911018263330648,0.6170266769244932,0.9204322200392927,0.07956777996070727,4.0,0.0
15:58,1018.0,0.5776031434184676,-12.253261296660106,-12473.819999999989,218.1637981674505,427.44,-606.56,136.93319727891156,-216.2570697674419,-0.05616541974234964,-12928.57999999992,-0.42480241748132835,-0.13555548494020433,0.5161207557390171,0.9282907662082515,0.07170923379174853,2.0,0.0
15:59,1024.0,0.568359375,-21.11429687499999,-21621.03999999999,206.35169346764175,403.44,-656.56,120.04309278350519,-206.98217194570134,-0.10232189772802106,-21920.680000000204,-0.4342710631442006,-0.232895307025453,0.32479040302012374,0.931640625,0.068359375,4.0,3.0
